shape_id,shape_pt_lat,shape_pt_lon,shape_pt_sequence
6712,33.769824943,-84.744780765,1
6712,33.770051671,-84.744680014,2
6712,33.77019402,-84.744637686,3
6712,33.770652979,-84.744541713,4
6712,33.770762649,-84.744624694,5
6712,33.770500066,-84.745188869,6
6712,33.770285419,-84.745778525,7
6712,33.770178308,-84.746233642,8
6712,33.770116819,-84.746929298,9
6712,33.770078566,-84.747301371,10
6712,33.770096961,-84.747684256,11
6712,33.770134865,-84.748012826,12
6712,33.768650044,-84.748169065,13
6712,33.766636749,-84.748386995,14
6712,33.765059331,-84.748552621,15
6712,33.764619087,-84.748613641,16
6712,33.761879183,-84.748908684,17
6712,33.758723306,-84.749250666,18
6712,33.756901907,-84.749461052,19
6712,33.756237017,-84.749524587,20
6712,33.755861677,-84.749528275,21
6712,33.755628918,-84.749511511,22
6712,33.755208836,-84.749438421,23
6712,33.754718504,-84.749276147,24
6712,33.754437796,-84.749143378,25
6712,33.754477937,-84.750649438,26
6712,33.754556052,-84.752655319,27
6712,33.754548278,-84.752964909,28
6712,33.754532699,-84.753187326,29
6712,33.754323136,-84.754070033,30
6712,33.754296438,-84.754254023,31
6712,33.754151777,-84.754969569,32
6712,33.753998196,-84.755418236,33
6712,33.753654831,-84.756508404,34
6712,33.753253481,-84.757582479,35
6712,33.751401438,-84.755589449,36
6712,33.751011753,-84.756535523,37
6712,33.750902771,-84.756798007,38
6712,33.750676558,-84.757338286,39
6712,33.750621435,-84.757451516,40
6712,33.750584954,-84.75749472,41
6712,33.750557434,-84.757505856,42
6712,33.750529915,-84.757511628,43
6712,33.750474876,-84.757501714,44
6712,33.748487876,-84.75634913,45
6712,33.747831124,-84.757812659,46
6712,33.747618719,-84.758344598,47
6712,33.747178828,-84.759375428,48
6712,33.747060698,-84.759841303,49
6712,33.746913575,-84.760344728,50
6712,33.746855734,-84.760504,51
6712,33.746724442,-84.76081718,52
6712,33.746078249,-84.7622938,53
6712,33.746008581,-84.762259666,54
6712,33.745877845,-84.76218426,55
6712,33.745759375,-84.762134336,56
6712,33.74480319,-84.764501514,57
6712,33.744678168,-84.764836151,58
6712,33.744568757,-84.76520834,59
6712,33.744465911,-84.765770326,60
6712,33.744379598,-84.766806585,61
6712,33.744239422,-84.768947451,62
6712,33.744172847,-84.769607738,63
6712,33.74403479,-84.770413583,64
6712,33.743805289,-84.771552022,65
6712,33.742569785,-84.77162805,66
6712,33.740998588,-84.771616906,67
6712,33.74086954,-84.771653497,68
6712,33.740443845,-84.771743732,69
6712,33.740004699,-84.771840423,70
6712,33.739279495,-84.7719807,71
6712,33.73923721,-84.771691693,72
6712,33.739198828,-84.771542832,73
6712,33.739159331,-84.771448955,74
6712,33.739088677,-84.771318869,75
6712,33.739057056,-84.771238403,76
6712,33.739054035,-84.771178053,77
6712,33.739063701,-84.7711343,78
6712,33.739087493,-84.771064144,79
6712,33.739122437,-84.771012763,80
6712,33.739159425,-84.770984433,81
6712,33.739222529,-84.770966244,82
6712,33.739296784,-84.770961467,83
6712,33.739600869,-84.770911679,84
6712,33.739680794,-84.770915535,85
6712,33.73989789,-84.770981082,86
6712,33.74000904,-84.771039714,87
6712,33.74009008,-84.771092981,88
6712,33.740162755,-84.771161,89
6712,33.740190124,-84.771207845,90
6712,33.74020188,-84.771264077,91
6712,33.740194654,-84.77131298,92
6712,33.74016847,-84.771367247,93
6712,33.740135304,-84.771397063,94
6712,33.740095447,-84.771418833,95
6712,33.740056002,-84.771419659,96
6712,33.740007635,-84.77140171,97
6712,33.73991375,-84.771331045,98
6712,33.73983994,-84.771300613,99
6712,33.739689179,-84.771254087,100
6712,33.739448084,-84.771246454,101
6712,33.739304807,-84.7712036,102
6712,33.739213946,-84.771162087,103
6712,33.739099281,-84.771087206,104
6712,33.739079309,-84.771136937,105
6712,33.739073201,-84.771185914,106
6712,33.739073784,-84.771234892,107
6712,33.739101956,-84.771308667,108
6712,33.739176968,-84.77144145,109
6712,33.739217408,-84.771548752,110
6712,33.739252126,-84.771689575,111
6712,33.739299038,-84.771976575,112
6712,33.738622185,-84.772133613,113
6712,33.738097,-84.772279923,114
6712,33.735848349,-84.768860195,115
6712,33.734650247,-84.767132941,116
6712,33.733762105,-84.765841949,117
6712,33.73293195,-84.76447049,118
6712,33.732427091,-84.763678881,119
6712,33.732087296,-84.763203101,120
6712,33.731856055,-84.762904862,121
6712,33.731606596,-84.762639066,122
6712,33.731330181,-84.762437772,123
6712,33.730994652,-84.76227537,124
6712,33.730708208,-84.762189494,125
6712,33.73040828,-84.76215125,126
6712,33.73020204,-84.76216665,127
6712,33.72885916,-84.762255629,128
6712,33.728521207,-84.762288049,129
6712,33.727466066,-84.762331197,130
6712,33.726802414,-84.762350928,131
6712,33.726297142,-84.762333107,132
6712,33.72563125,-84.762256278,133
6712,33.725128202,-84.762235775,134
6712,33.724789122,-84.762277145,135
6712,33.72473449,-84.761257089,136
6712,33.724735984,-84.760673532,137
6712,33.724841212,-84.759231668,138
6712,33.724886297,-84.758950954,139
6712,33.725006114,-84.75850126,140
6712,33.725131977,-84.758165137,141
6712,33.72525833,-84.757946563,142
6712,33.725397355,-84.757729987,143
6712,33.725554225,-84.757521458,144
6712,33.725708028,-84.757370931,145
6712,33.725850677,-84.757241863,146
6712,33.726017741,-84.757104425,147
6712,33.726961777,-84.756449709,148
6712,33.727241036,-84.756224147,149
6712,33.727564206,-84.755901769,150
6712,33.727805649,-84.755585372,151
6712,33.727926631,-84.755405767,152
6712,33.72816971,-84.755006325,153
6712,33.728336386,-84.754677962,154
6712,33.728463223,-84.754326025,155
6712,33.728544487,-84.75408032,156
6712,33.728621289,-84.753789016,157
6712,33.728689848,-84.753500782,158
6712,33.728919019,-84.752244271,159
6712,33.72912975,-84.751061624,160
6712,33.729105472,-84.750919519,161
6712,33.729066565,-84.750824326,162
6712,33.728975236,-84.7506889,163
6712,33.728855465,-84.750646681,164
6712,33.728747963,-84.750629943,165
6712,33.728681237,-84.750593437,166
6712,33.72859778,-84.750509992,167
6712,33.728500018,-84.750357855,168
6712,33.728324312,-84.749723616,169
6712,33.728036401,-84.749831318,170
6712,33.727945425,-84.749841583,171
6712,33.727829912,-84.749825027,172
6712,33.727277169,-84.74962608,173
6712,33.726714384,-84.749396287,174
6712,33.726636706,-84.749330792,175
6712,33.725967869,-84.748567923,176
6712,33.725508723,-84.74804243,177
6712,33.725387544,-84.747887081,178
6712,33.725252422,-84.747563424,179
6712,33.725228362,-84.747469991,180
6712,33.725213225,-84.747360466,181
6712,33.725215835,-84.747253735,182
6712,33.725245214,-84.747128229,183
6712,33.725478713,-84.746084066,184
6712,33.725939754,-84.744554424,185
6712,33.726034942,-84.744357839,186
6712,33.726551002,-84.743488412,187
6712,33.726700096,-84.743117875,188
6712,33.726791747,-84.742808359,189
6712,33.7268794,-84.74232503,190
6712,33.726944745,-84.742060302,191
6712,33.726991081,-84.741970517,192
6712,33.727049941,-84.74188271,193
6712,33.727128879,-84.741808314,194
6712,33.727242114,-84.741647751,195
6712,33.727232499,-84.74160124,196
6712,33.727253346,-84.741552504,197
6712,33.727282731,-84.741530818,198
6712,33.7273175,-84.741534727,199
6712,33.727345577,-84.741546683,200
6712,33.727589579,-84.741472437,201
6712,33.72769834,-84.741386456,202
6712,33.727841678,-84.74131925,203
6712,33.727991162,-84.741301515,204
6712,33.72778803,-84.742358566,205
6712,33.727775627,-84.742517077,206
6712,33.727818993,-84.742755383,207
6712,33.727832869,-84.742979813,208
6712,33.727822518,-84.743052465,209
6712,33.727769783,-84.743320918,210
6712,33.727749341,-84.743371159,211
6712,33.727717745,-84.743416034,212
6712,33.727627785,-84.743484328,213
6712,33.727435594,-84.743627621,214
6712,33.726731094,-84.743161847,215
6712,33.726592115,-84.743517047,216
6712,33.726078363,-84.74438723,217
6712,33.725974405,-84.74460142,218
6712,33.72552333,-84.74608525,219
6712,33.725290422,-84.747145858,220
6712,33.725264422,-84.747258977,221
6712,33.725256269,-84.747358684,222
6712,33.725270875,-84.747452291,223
6712,33.725297751,-84.747556627,224
6712,33.72542512,-84.747856494,225
6712,33.725558065,-84.748032308,226
6712,33.7260089,-84.748542058,227
6712,33.726668523,-84.749289314,228
6712,33.72673587,-84.749344559,229
6712,33.72728618,-84.749571466,230
6712,33.727829794,-84.749768868,231
6712,33.727946005,-84.749786433,232
6712,33.728033216,-84.749771811,233
6712,33.728254484,-84.749691605,234
6712,33.728427026,-84.749627272,235
6712,33.728578837,-84.750263175,236
6712,33.728636958,-84.750370683,237
6712,33.728700036,-84.750447571,238
6712,33.728804074,-84.750535636,239
6712,33.728888036,-84.750610289,240
6712,33.729265149,-84.750729197,241
6712,33.728918393,-84.752614338,242
6712,33.728744457,-84.753559591,243
6712,33.728682027,-84.753827029,244
6712,33.728602866,-84.754126653,245
6712,33.728525782,-84.754358775,246
6712,33.728386237,-84.754735737,247
6712,33.728234298,-84.755039049,248
6712,33.727975841,-84.755468425,249
6712,33.72772296,-84.755818676,250
6712,33.727595558,-84.755972455,251
6712,33.727271973,-84.756297449,252
6712,33.726995296,-84.756517613,253
6712,33.726048605,-84.757180453,254
6712,33.725895377,-84.757301319,255
6712,33.725747377,-84.757424784,256
6712,33.725594915,-84.757584459,257
6712,33.725451396,-84.757770541,258
6712,33.725309553,-84.757994423,259
6712,33.725194479,-84.758199529,260
6712,33.725068251,-84.758533381,261
6712,33.724947135,-84.758976575,262
6712,33.72490633,-84.759250789,263
6712,33.724800734,-84.760680075,264
6712,33.724801476,-84.761284748,265
6712,33.724842373,-84.762117408,266
6712,33.725246337,-84.762094443,267
6712,33.725630129,-84.762108442,268
6712,33.726386416,-84.762191884,269
6712,33.726741134,-84.762206783,270
6712,33.727481773,-84.762178767,271
6712,33.727845571,-84.762175919,272
6712,33.728441271,-84.76215572,273
6712,33.729304608,-84.762087952,274
6712,33.730182435,-84.762021526,275
6712,33.730149717,-84.761319292,276
6712,33.730134846,-84.760755484,277
6712,33.730128897,-84.760036108,278
6712,33.730126294,-84.758668978,279
6712,33.730148229,-84.758436422,280
6712,33.730322315,-84.757563281,281
6712,33.730374224,-84.757547146,282
6712,33.730542129,-84.756670022,283
6712,33.730735385,-84.756731022,284
6712,33.73079911,-84.756782308,285
6712,33.731036827,-84.756852371,286
6712,33.731088435,-84.756870455,287
6712,33.731153275,-84.756856698,288
6712,33.731202945,-84.756852924,289
6712,33.731257076,-84.756851832,290
6712,33.731325187,-84.75686574,291
6712,33.733171951,-84.757434196,292
6712,33.732685017,-84.759781042,293
6712,33.732047511,-84.759605271,294
6712,33.731971466,-84.759956468,295
6712,33.731961225,-84.760068948,296
6712,33.731975875,-84.760191984,297
6712,33.732023352,-84.760280324,298
6712,33.732147469,-84.760453911,299
6712,33.732330698,-84.760670412,300
6712,33.732414218,-84.760741481,301
6712,33.732497739,-84.760799138,302
6712,33.732625873,-84.760852772,303
6712,33.732742852,-84.760890312,304
6712,33.732814837,-84.760761251,305
6712,33.73281737,-84.760688674,306
6712,33.732832021,-84.76060947,307
6712,33.732864998,-84.760501472,308
6712,33.732921638,-84.760361642,309
6712,33.733047426,-84.760145369,310
6712,33.735113557,-84.757708267,311
6712,33.735369032,-84.757456435,312
6712,33.735714843,-84.757183146,313
6712,33.736182292,-84.756903447,314
6712,33.73644007,-84.756801444,315
6712,33.736703905,-84.756741055,316
6712,33.737486332,-84.756613611,317
6712,33.739754461,-84.756689403,318
6712,33.741592065,-84.75674642,319
6712,33.741869339,-84.756744084,320
6712,33.742137691,-84.756725654,321
6712,33.742440614,-84.756624746,322
6712,33.742826058,-84.756448736,323
6712,33.742729334,-84.755904268,324
6712,33.742637071,-84.754737527,325
6712,33.742618262,-84.753610674,326
6712,33.742618373,-84.752576774,327
6712,33.742636328,-84.751674302,328
6712,33.742648074,-84.750643917,329
6712,33.742814534,-84.750661143,330
6712,33.742863193,-84.750704625,331
6712,33.7429007,-84.750769564,332
6712,33.742940865,-84.750873794,333
6712,33.742988827,-84.751055997,334
6712,33.74301337,-84.75109336,335
6712,33.743360209,-84.75142826,336
6712,33.743372485,-84.751481716,337
6712,33.743364126,-84.751556724,338
6712,33.743380019,-84.751622391,339
6712,33.743457247,-84.751709516,340
6712,33.743464514,-84.751796312,341
6712,33.743456996,-84.751928223,342
6712,33.743451007,-84.751945898,343
6712,33.743436096,-84.751952845,344
6712,33.742968856,-84.751943081,345
6712,33.742974999,-84.751649862,346
6712,33.74263794,-84.751638704,347
6712,33.742648195,-84.750644993,348
6712,33.742643286,-84.748996129,349
6712,33.742669603,-84.748292744,350
6712,33.742647477,-84.747914013,351
6712,33.742598587,-84.747543329,352
6712,33.742582037,-84.747332907,353
6712,33.742584914,-84.746883032,354
6712,33.742621246,-84.746151525,355
6712,33.74413726,-84.746145628,356
6712,33.744257292,-84.746116257,357
6712,33.744355223,-84.746058656,358
6712,33.744469983,-84.745919885,359
6712,33.744597009,-84.745575925,360
6712,33.744851062,-84.744788092,361
6712,33.74489881,-84.744552795,362
6712,33.74493746,-84.744248398,363
6712,33.745015331,-84.743885645,364
6712,33.745038654,-84.743854473,365
6712,33.745064207,-84.743839394,366
6712,33.746721484,-84.745547994,367
6712,33.747436045,-84.745564096,368
6712,33.74804757,-84.745568123,369
6712,33.74834664,-84.745615735,370
6712,33.748508551,-84.745651276,371
6712,33.748816643,-84.745773995,372
6712,33.750500463,-84.746741595,373
6712,33.752157489,-84.747687737,374
6712,33.752653067,-84.748003394,375
6712,33.753251226,-84.748355261,376
6712,33.75414375,-84.748886165,377
6712,33.75443502,-84.749051034,378
6712,33.754732978,-84.749193104,379
6712,33.755225688,-84.749363078,380
6712,33.75565379,-84.74942996,381
6712,33.755861117,-84.749447221,382
6712,33.756245173,-84.749444365,383
6712,33.75689435,-84.74938527,384
6712,33.758716484,-84.749175971,385
6712,33.761870931,-84.748832788,386
6712,33.76461944,-84.748535202,387
6712,33.765069465,-84.748471581,388
6712,33.766625447,-84.748308719,389
6712,33.768626947,-84.748095647,390
6712,33.768543138,-84.747366127,391
6712,33.768545269,-84.747081834,392
6712,33.768570304,-84.746963827,393
6712,33.768764796,-84.746234276,394
6712,33.768827031,-84.746078749,395
6712,33.769060492,-84.745729412,396
6712,33.769375106,-84.745229525,397
6712,33.76954852,-84.745043533,398
6712,33.769827173,-84.744780765,399
6792,33.74291,-84.72658,1
6792,33.7439,-84.72553,2
6792,33.74407,-84.72557,3
6792,33.74417,-84.72563,4
6792,33.74425,-84.72577,5
6792,33.74441,-84.72615,6
6792,33.74419,-84.72634,7
6792,33.74294,-84.72784,8
6792,33.7439,-84.72906,9
6792,33.7442,-84.72874,10
6792,33.74432,-84.72857,11
6792,33.74441,-84.72842,12
6792,33.74452,-84.72809,13
6792,33.74459,-84.72793,14
6792,33.74468,-84.72776,15
6792,33.74478,-84.72765,16
6792,33.74488,-84.72757,17
6792,33.745,-84.72751,18
6792,33.74511,-84.72747,19
6792,33.74541,-84.72745,20
6792,33.74556,-84.72748,21
6792,33.74556,-84.72776,22
6792,33.74555,-84.72791,23
6792,33.74551,-84.72796,24
6792,33.74526,-84.72793,25
6792,33.74521,-84.72789,26
6792,33.74522,-84.72779,27
6792,33.74526,-84.72774,28
6792,33.74554,-84.72776,29
6792,33.74554,-84.72749,30
6792,33.74541,-84.72748,31
6792,33.74511,-84.72749,32
6792,33.745,-84.72753,33
6792,33.74488,-84.7276,34
6792,33.74478,-84.72768,35
6792,33.74469,-84.72778,36
6792,33.7446,-84.72795,37
6792,33.74453,-84.72813,38
6792,33.74443,-84.72844,39
6792,33.74433,-84.72859,40
6792,33.74421,-84.72877,41
6792,33.74392,-84.72909,42
6792,33.744,-84.72922,43
6792,33.74479,-84.73016,44
6792,33.74535,-84.73083,45
6792,33.74588,-84.73071,46
6792,33.74585,-84.73048,47
6792,33.74585,-84.73022,48
6792,33.74603,-84.72985,49
6792,33.74534,-84.72943,50
6792,33.74528,-84.72937,51
6792,33.74525,-84.72934,52
6792,33.74478,-84.72938,53
6792,33.74482,-84.7302,54
6792,33.74539,-84.73088,55
6792,33.74507,-84.73099,56
6792,33.74489,-84.73107,57
6792,33.74471,-84.73116,58
6792,33.74438,-84.73136,59
6792,33.74374,-84.73184,60
6792,33.74299,-84.7324,61
6792,33.74284,-84.7325,62
6792,33.74246,-84.73271,63
6792,33.74215,-84.73283,64
6792,33.74202,-84.73287,65
6792,33.74159,-84.73298,66
6792,33.74008,-84.73302,67
6792,33.73939,-84.73303,68
6792,33.73916,-84.73307,69
6792,33.73892,-84.73311,70
6792,33.73862,-84.73322,71
6792,33.73849,-84.7333,72
6792,33.73812,-84.73346,73
6792,33.73807,-84.73294,74
6792,33.73806,-84.73242,75
6792,33.738,-84.73196,76
6792,33.7378,-84.7313,77
6792,33.73731,-84.73031,78
6792,33.73712,-84.72988,79
6792,33.73698,-84.72955,80
6792,33.73681,-84.72903,81
6792,33.73673,-84.72869,82
6792,33.73665,-84.72829,83
6792,33.73652,-84.7282,84
6792,33.73637,-84.72814,85
6792,33.73578,-84.72873,86
6792,33.73554,-84.72898,87
6792,33.73503,-84.7286,88
6792,33.73471,-84.72837,89
6792,33.73464,-84.72847,90
6792,33.73452,-84.72853,91
6792,33.73444,-84.72854,92
6792,33.73436,-84.72852,93
6792,33.7343,-84.72845,94
6792,33.73425,-84.72832,95
6792,33.73425,-84.72816,96
6792,33.7343,-84.72803,97
6792,33.73501,-84.72851,98
6792,33.73558,-84.72894,99
6792,33.73546,-84.72907,100
6792,33.73536,-84.72922,101
6792,33.73521,-84.72948,102
6792,33.73506,-84.72987,103
6792,33.73472,-84.73082,104
6792,33.73461,-84.73111,105
6792,33.7345,-84.73132,106
6792,33.73431,-84.73155,107
6792,33.73418,-84.73167,108
6792,33.73269,-84.73277,109
6792,33.73195,-84.73335,110
6792,33.73045,-84.73451,111
6792,33.73031,-84.73464,112
6792,33.73022,-84.7348,113
6792,33.73018,-84.7349,114
6792,33.73016,-84.73525,115
6792,33.73019,-84.73598,116
6792,33.73021,-84.73729,117
6792,33.72868,-84.73727,118
6792,33.72843,-84.73725,119
6792,33.72811,-84.73721,120
6792,33.7278,-84.73711,121
6792,33.72748,-84.73696,122
6792,33.72728,-84.73684,123
6792,33.72504,-84.73535,124
6792,33.72461,-84.73507,125
6792,33.72408,-84.7346,126
6792,33.72395,-84.73477,127
6792,33.72388,-84.73464,128
6792,33.72383,-84.73462,129
6792,33.72372,-84.73467,130
6792,33.72325,-84.73491,131
6792,33.72319,-84.7347,132
6792,33.72315,-84.73441,133
6792,33.723,-84.73391,134
6792,33.72364,-84.73363,135
6792,33.72379,-84.73391,136
6792,33.72404,-84.73433,137
6792,33.72447,-84.73481,138
6792,33.72496,-84.73512,139
6792,33.72731,-84.73669,140
6792,33.72722,-84.73686,141
6792,33.7271,-84.73697,142
6792,33.727,-84.73714,143
6792,33.72687,-84.73745,144
6792,33.72684,-84.73769,145
6792,33.72684,-84.73782,146
6792,33.72691,-84.73828,147
6792,33.72703,-84.73865,148
6792,33.72718,-84.73905,149
6792,33.72724,-84.73932,150
6792,33.72724,-84.73962,151
6792,33.72724,-84.73982,152
6792,33.72719,-84.74007,153
6792,33.72714,-84.7403,154
6792,33.72711,-84.74058,155
6792,33.7271,-84.74081,156
6792,33.72712,-84.74105,157
6792,33.72717,-84.74123,158
6792,33.72729,-84.7415,159
6792,33.72734,-84.74154,160
6792,33.72744,-84.74151,161
6792,33.72763,-84.74144,162
6792,33.7277,-84.74138,163
6792,33.72783,-84.74132,164
6792,33.72798,-84.7413,165
6792,33.72778,-84.74239,166
6792,33.72777,-84.74251,167
6792,33.72782,-84.74276,168
6792,33.72782,-84.74287,169
6792,33.72789,-84.74292,170
6792,33.72792,-84.74301,171
6792,33.72785,-84.74331,172
6792,33.72782,-84.74335,173
6792,33.72778,-84.7434,174
6792,33.72775,-84.74337,175
6792,33.72771,-84.74342,176
6792,33.72743,-84.74362,177
6792,33.72674,-84.74317,178
6792,33.72659,-84.74353,179
6792,33.72617,-84.74422,180
6792,33.72606,-84.74443,181
6792,33.72598,-84.74461,182
6792,33.72553,-84.74608,183
6792,33.72527,-84.74727,184
6792,33.72527,-84.74745,185
6792,33.7253,-84.74756,186
6792,33.72543,-84.74786,187
6792,33.72666,-84.74929,188
6792,33.72677,-84.74935,189
6792,33.72711,-84.7495,190
6792,33.72786,-84.74977,191
6792,33.72797,-84.74979,192
6792,33.72843,-84.74963,193
6792,33.72859,-84.75028,194
6792,33.72866,-84.75041,195
6792,33.72887,-84.75061,196
6792,33.72928,-84.75073,197
6792,33.72891,-84.75272,198
6792,33.72876,-84.75358,199
6792,33.72861,-84.75414,200
6792,33.7284,-84.75475,201
6792,33.72817,-84.75518,202
6792,33.72786,-84.75567,203
6792,33.72748,-84.75613,204
6792,33.72722,-84.75637,205
6792,33.72694,-84.75657,206
6792,33.72604,-84.7572,207
6792,33.72576,-84.75744,208
6792,33.72559,-84.75761,209
6792,33.72539,-84.7579,210
6792,33.72521,-84.75819,211
6792,33.72509,-84.75851,212
6792,33.72499,-84.75888,213
6792,33.72493,-84.7592,214
6792,33.72482,-84.76061,215
6792,33.72481,-84.76124,216
6792,33.72485,-84.76228,217
6792,33.72484,-84.76389,218
6792,33.72485,-84.76545,219
6792,33.72485,-84.76627,220
6792,33.72484,-84.7666,221
6792,33.72482,-84.76682,222
6792,33.72475,-84.76719,223
6792,33.72459,-84.76765,224
6792,33.72426,-84.76836,225
6792,33.72324,-84.77049,226
6792,33.72248,-84.77204,227
6792,33.7223,-84.77263,228
6792,33.72221,-84.77293,229
6792,33.72218,-84.77321,230
6792,33.72216,-84.77359,231
6792,33.72375,-84.77362,232
6792,33.72382,-84.77358,233
6792,33.72387,-84.77348,234
6792,33.72388,-84.77336,235
6792,33.72386,-84.77324,236
6792,33.72382,-84.77319,237
6792,33.72367,-84.77303,238
6792,33.72332,-84.77283,239
6792,33.72317,-84.77274,240
6792,33.72303,-84.77273,241
6792,33.72288,-84.77278,242
6792,33.72281,-84.77295,243
6792,33.72279,-84.77364,244
6792,33.72221,-84.77363,245
6792,33.7209,-84.7736,246
6792,33.72023,-84.7736,247
6792,33.72002,-84.77352,248
6792,33.71964,-84.77325,249
6792,33.71936,-84.77291,250
6792,33.7192,-84.77253,251
6792,33.71912,-84.77219,252
6792,33.71913,-84.77133,253
6792,33.71852,-84.77151,254
6792,33.71833,-84.77154,255
6792,33.71732,-84.77154,256
6792,33.71732,-84.77105,257
6792,33.71731,-84.7703,258
6792,33.71814,-84.7703,259
6792,33.7182,-84.77025,260
6792,33.71829,-84.77016,261
6792,33.71874,-84.76997,262
6792,33.71871,-84.76979,263
6792,33.7187,-84.76787,264
6792,33.71871,-84.76658,265
6792,33.71851,-84.76524,266
6792,33.71837,-84.76475,267
6792,33.71939,-84.76452,268
6792,33.71973,-84.76442,269
6792,33.71993,-84.76435,270
6792,33.72057,-84.76392,271
6792,33.72066,-84.76385,272
6792,33.72055,-84.76358,273
6792,33.72028,-84.76316,274
6792,33.72017,-84.76324,275
6792,33.72007,-84.76308,276
6792,33.72004,-84.76297,277
6792,33.72,-84.76294,278
6792,33.71994,-84.76296,279
6792,33.71951,-84.76323,280
6792,33.71949,-84.7633,281
6792,33.71954,-84.76344,282
6792,33.72008,-84.76308,283
6792,33.72017,-84.76321,284
6792,33.7203,-84.76311,285
6792,33.72059,-84.76355,286
6792,33.72072,-84.76381,287
6792,33.72192,-84.76288,288
6792,33.72204,-84.7628,289
6792,33.72231,-84.76267,290
6792,33.72262,-84.76257,291
6792,33.72477,-84.76212,292
6792,33.7254,-84.76209,293
6792,33.72621,-84.76217,294
6792,33.7267,-84.76221,295
6792,33.72843,-84.76216,296
6792,33.73018,-84.76202,297
6792,33.73015,-84.76141,298
6792,33.73013,-84.7606,299
6792,33.73012,-84.75879,300
6792,33.73014,-84.75846,301
6792,33.73032,-84.75754,302
6792,33.72956,-84.75732,303
6792,33.72974,-84.75644,304
6792,33.73073,-84.75672,305
6792,33.73078,-84.75678,306
6792,33.7311,-84.75688,307
6792,33.73128,-84.75686,308
6792,33.73317,-84.75745,309
6792,33.73268,-84.75978,310
6792,33.73205,-84.75961,311
6792,33.73196,-84.76001,312
6792,33.73198,-84.76018,313
6792,33.73204,-84.76031,314
6792,33.73232,-84.76067,315
6792,33.73246,-84.76079,316
6792,33.73272,-84.7609,317
6792,33.73281,-84.7607,318
6792,33.73289,-84.7604,319
6792,33.73305,-84.76015,320
6792,33.7343,-84.75865,321
6792,33.73485,-84.75802,322
6792,33.7351,-84.75772,323
6792,33.73535,-84.75746,324
6792,33.7357,-84.75718,325
6792,33.73627,-84.75687,326
6792,33.73652,-84.75677,327
6792,33.73742,-84.75662,328
6792,33.74,-84.75669,329
6792,33.74165,-84.75675,330
6792,33.74214,-84.75671,331
6792,33.74243,-84.75661,332
6792,33.74282,-84.75646,333
6792,33.74273,-84.7559,334
6792,33.74263,-84.75474,335
6792,33.74261,-84.7536,336
6792,33.74264,-84.75163,337
6792,33.74265,-84.7506,338
6792,33.74282,-84.75066,339
6792,33.74293,-84.7508,340
6792,33.74298,-84.75101,341
6792,33.74329,-84.75136,342
6792,33.74338,-84.75143,343
6792,33.74337,-84.7515,344
6792,33.74338,-84.75157,345
6792,33.74342,-84.75164,346
6792,33.74343,-84.75168,347
6792,33.743443528,-84.751944577,348
6792,33.742954314,-84.751947259,349
6792,33.74297,-84.75164,350
6792,33.74264,-84.75163,351
6792,33.74265,-84.7506,352
6792,33.74264,-84.74898,353
6792,33.74294,-84.74901,354
6792,33.74315,-84.74902,355
6792,33.74344,-84.74909,356
6792,33.74371,-84.74919,357
6792,33.74476,-84.74977,358
6792,33.74545,-84.75017,359
6792,33.74678,-84.75094,360
6792,33.74785,-84.75155,361
6792,33.74893,-84.75215,362
6792,33.74952,-84.75079,363
6792,33.7499,-84.74979,364
6792,33.75018,-84.74913,365
6792,33.75044,-84.74846,366
6792,33.74958,-84.748,367
6792,33.7493,-84.74779,368
6792,33.74986,-84.7464,369
6792,33.75096,-84.74372,370
6792,33.75157,-84.74217,371
6792,33.75213,-84.74078,372
6792,33.75185,-84.74057,373
6792,33.75142,-84.74014,374
6792,33.75128,-84.73992,375
6792,33.75113,-84.73962,376
6792,33.75096,-84.73907,377
6792,33.75062,-84.7375,378
6792,33.7505,-84.73678,379
6792,33.75044,-84.73617,380
6792,33.75044,-84.73561,381
6792,33.75047,-84.73508,382
6792,33.75055,-84.73451,383
6792,33.75091,-84.73251,384
6792,33.75101,-84.73187,385
6792,33.7511,-84.73093,386
6792,33.75112,-84.73007,387
6792,33.75114,-84.72642,388
6792,33.75111,-84.72627,389
6792,33.7502,-84.72636,390
6792,33.7498,-84.72643,391
6792,33.74936,-84.72646,392
6792,33.74892,-84.72647,393
6792,33.7483,-84.7264,394
6792,33.74689,-84.72628,395
6792,33.7452,-84.72605,396
6792,33.74487,-84.72603,397
6792,33.74461,-84.72606,398
6792,33.74441,-84.72616,399
6792,33.74419,-84.72635,400
6792,33.74291,-84.72786,401
6792,33.74264,-84.72755,402
6792,33.74252,-84.72748,403
6792,33.74255,-84.72706,404
6792,33.74256,-84.72669,405
6792,33.74291,-84.72658,406
6720,33.774700927,-84.602128565,1
6720,33.775312495,-84.602615136,2
6720,33.775331337,-84.602706604,3
6720,33.775301129,-84.602800755,4
6720,33.77504128,-84.603242251,5
6720,33.774970941,-84.60331092,6
6720,33.774796819,-84.60335304,7
6720,33.774631615,-84.603376385,8
6720,33.774418476,-84.603360838,9
6720,33.774309677,-84.603350382,10
6720,33.774162975,-84.603299693,11
6720,33.773762552,-84.603037382,12
6720,33.773553869,-84.602946733,13
6720,33.772967055,-84.602507943,14
6720,33.772824701,-84.602542687,15
6720,33.772682347,-84.602545245,16
6720,33.772655231,-84.602544651,17
6720,33.772390429,-84.60237048,18
6720,33.7721613,-84.602153393,19
6720,33.772142272,-84.602075953,20
6720,33.772163973,-84.601946038,21
6720,33.772223576,-84.601885861,22
6720,33.772213467,-84.601784281,23
6720,33.772144869,-84.601754949,24
6720,33.772036138,-84.601755121,25
6720,33.771840971,-84.602254356,26
6720,33.771634656,-84.602785778,27
6720,33.771526203,-84.603038748,28
6720,33.771448965,-84.603425829,29
6720,33.771571435,-84.604261088,30
6720,33.771765253,-84.605074889,31
6720,33.771973563,-84.605674113,32
6720,33.772271056,-84.606198236,33
6720,33.771977705,-84.606451456,34
6720,33.771657598,-84.606683217,35
6720,33.771383197,-84.606829149,36
6720,33.771064203,-84.606932164,37
6720,33.770760814,-84.60692521,38
6720,33.770446277,-84.606832424,39
6720,33.770227732,-84.606742173,40
6720,33.770120669,-84.606657286,41
6720,33.769337979,-84.605816959,42
6720,33.768829533,-84.605196574,43
6720,33.768376826,-84.604573506,44
6720,33.768232136,-84.604112338,45
6720,33.768153222,-84.603667264,46
6720,33.768115001,-84.602137235,47
6720,33.768130292,-84.601926854,48
6720,33.768190975,-84.601684459,49
6720,33.768226891,-84.601575331,50
6720,33.768702057,-84.600701773,51
6720,33.767170753,-84.599394268,52
6720,33.765623813,-84.598108221,53
6720,33.764683656,-84.597393448,54
6720,33.763685513,-84.596753777,55
6720,33.761671353,-84.595415427,56
6720,33.759614169,-84.59385989,57
6720,33.757922651,-84.592352632,58
6720,33.75706796,-84.591620461,59
6720,33.756173119,-84.591054587,60
6720,33.755550334,-84.590770345,61
6720,33.754963225,-84.590630942,62
6720,33.750208025,-84.59017772,63
6720,33.74655095,-84.589817307,64
6720,33.745543105,-84.589728296,65
6720,33.745039365,-84.589683691,66
6720,33.744355478,-84.589491625,67
6720,33.743676046,-84.589240551,68
6720,33.743091621,-84.588843177,69
6720,33.742529495,-84.588392159,70
6720,33.742029743,-84.587956827,71
6720,33.740048548,-84.586220863,72
6720,33.738872879,-84.587036039,73
6720,33.737741804,-84.587899495,74
6720,33.737391542,-84.588380209,75
6720,33.737117116,-84.588903838,76
6720,33.736862689,-84.58983308,77
6720,33.736786703,-84.590960805,78
6720,33.736723953,-84.592902437,79
6720,33.736665663,-84.594903077,80
6720,33.736610719,-84.595640397,81
6720,33.736537931,-84.59607731,82
6720,33.736387074,-84.59685084,83
6720,33.736213912,-84.597460755,84
6720,33.735417469,-84.599427197,85
6720,33.734932253,-84.60036482,86
6720,33.734482723,-84.601184427,87
6720,33.734034237,-84.601782942,88
6720,33.733496525,-84.602381457,89
6720,33.7321134,-84.60399653,90
6720,33.731031464,-84.605276135,91
6720,33.730732484,-84.605598191,92
6720,33.730315208,-84.605931168,93
6720,33.729952129,-84.606149864,94
6720,33.729553356,-84.606336373,95
6720,33.729248795,-84.606454581,96
6720,33.728870061,-84.606531886,97
6720,33.72830593,-84.606569197,98
6720,33.727291182,-84.606611873,99
6720,33.726764092,-84.606689178,100
6720,33.726306154,-84.60681208,101
6720,33.725863064,-84.60703681,102
6720,33.725446741,-84.607288362,103
6720,33.724901237,-84.607798173,104
6720,33.72436019,-84.608393815,105
6720,33.724084611,-84.608731965,106
6720,33.723703658,-84.609123663,107
6720,33.72328701,-84.609491221,108
6720,33.722908738,-84.609715568,109
6720,33.722503694,-84.609918458,110
6720,33.721886554,-84.61007508,111
6720,33.72084624,-84.610107793,112
6720,33.719408801,-84.610065405,113
6720,33.718620969,-84.610042318,114
6720,33.718229281,-84.610087102,115
6720,33.717837591,-84.610158707,116
6720,33.717481448,-84.6103046,117
6720,33.717134227,-84.610482679,118
6720,33.716793698,-84.610687581,119
6720,33.716466554,-84.610924669,120
6720,33.715977361,-84.611425667,121
6720,33.715768461,-84.611709694,122
6720,33.715577408,-84.612017861,123
6720,33.71535512,-84.612403811,124
6720,33.715056975,-84.613149178,125
6720,33.714567774,-84.614315364,126
6720,33.713920386,-84.615566848,127
6720,33.713072192,-84.617150926,128
6720,33.712937589,-84.617483987,129
6720,33.712836821,-84.617810109,130
6720,33.712771751,-84.618173781,131
6720,33.712736984,-84.618335501,132
6720,33.712728992,-84.618545501,133
6720,33.712730856,-84.618938678,134
6720,33.712742774,-84.61930171,135
6720,33.712951033,-84.620394303,136
6720,33.713314002,-84.622372959,137
6720,33.713580268,-84.62383972,138
6720,33.713726054,-84.624319429,139
6720,33.713914287,-84.624736225,140
6720,33.714129293,-84.625153021,141
6720,33.71485827,-84.626029528,142
6720,33.715285226,-84.626580435,143
6720,33.715547787,-84.627081194,144
6720,33.715682344,-84.627426983,145
6720,33.715767471,-84.627819818,146
6720,33.715843674,-84.628142917,147
6720,33.715838935,-84.62871231,148
6720,33.715794175,-84.629163304,149
6720,33.715722643,-84.629603569,150
6720,33.715505952,-84.630197103,151
6720,33.715213404,-84.63066189,152
6720,33.713132852,-84.632880591,153
6720,33.712779172,-84.633355856,154
6720,33.712563822,-84.633785524,155
6720,33.71225088,-84.634676274,156
6720,33.711223962,-84.638442353,157
6720,33.711256269,-84.638625257,158
6720,33.711807905,-84.638866913,159
6720,33.712070334,-84.639057479,160
6720,33.712314914,-84.639301688,161
6720,33.711978544,-84.63974451,162
6720,33.711740345,-84.640240975,163
6720,33.711652481,-84.640457022,164
6720,33.711600316,-84.640694526,165
6720,33.711478137,-84.641373382,166
6720,33.71044242,-84.64116501,167
6720,33.711718215,-84.636230586,168
6720,33.712175381,-84.634570719,169
6720,33.712454053,-84.633715514,170
6720,33.712707177,-84.633282548,171
6720,33.713040622,-84.632785208,172
6720,33.713888951,-84.631864645,173
6720,33.714688189,-84.630992361,174
6720,33.715150275,-84.630473071,175
6720,33.715410321,-84.630016284,176
6720,33.715585586,-84.62955145,177
6720,33.715713998,-84.629147636,178
6720,33.715730856,-84.628706271,179
6720,33.715751556,-84.628415181,180
6720,33.715718711,-84.62812409,181
6720,33.715679793,-84.627842317,182
6720,33.715586657,-84.627461037,183
6720,33.715466749,-84.627101214,184
6720,33.715237518,-84.626658243,185
6720,33.714753942,-84.626059703,186
6720,33.714060639,-84.625246587,187
6720,33.713813555,-84.624819709,188
6720,33.713631743,-84.624416564,189
6720,33.713496783,-84.623884674,190
6720,33.713085164,-84.621786373,191
6720,33.712861504,-84.620409993,192
6720,33.712678004,-84.619296469,193
6720,33.712618902,-84.618898689,194
6720,33.712670266,-84.618148725,195
6720,33.712837649,-84.617452406,196
6720,33.712996107,-84.617108798,197
6720,33.71383838,-84.615528834,198
6720,33.714197043,-84.614862233,199
6720,33.714497696,-84.614257324,200
6720,33.714984121,-84.613075525,201
6720,33.715292034,-84.612331739,202
6720,33.715501779,-84.611933959,203
6720,33.715883386,-84.611371464,204
6720,33.7162259,-84.611025844,205
6720,33.716425626,-84.610817016,206
6720,33.71711116,-84.610368802,207
6720,33.71746508,-84.610194315,208
6720,33.717827923,-84.61005738,209
6720,33.71822646,-84.609985487,210
6720,33.718620533,-84.609929689,211
6720,33.719426522,-84.609970977,212
6720,33.720426596,-84.609980079,213
6720,33.720962323,-84.609976583,214
6720,33.721502358,-84.609977518,215
6720,33.721854993,-84.609935537,216
6720,33.722203619,-84.609848079,217
6720,33.722534396,-84.609728435,218
6720,33.722846814,-84.609588388,219
6720,33.723237265,-84.609357432,220
6720,33.723440321,-84.609174756,221
6720,33.723626621,-84.609026421,222
6720,33.724004775,-84.608642052,223
6720,33.72428814,-84.608340017,224
6720,33.724845896,-84.607729529,225
6720,33.725419265,-84.607204871,226
6720,33.725855435,-84.606936365,227
6720,33.726296064,-84.60671882,228
6720,33.726753423,-84.606599176,229
6720,33.727268778,-84.606517082,230
6720,33.728310634,-84.606484324,231
6720,33.728876172,-84.606438441,232
6720,33.729212477,-84.606364537,233
6720,33.729528703,-84.606247718,234
6720,33.729910248,-84.606064756,235
6720,33.730273898,-84.605860622,236
6720,33.730753542,-84.605458005,237
6720,33.731891367,-84.604142579,238
6720,33.733435055,-84.602283237,239
6720,33.733957109,-84.601684532,240
6720,33.734401091,-84.601061688,241
6720,33.734639857,-84.600728522,242
6720,33.734892523,-84.600289212,243
6720,33.735180877,-84.599705063,244
6720,33.735909259,-84.597994958,245
6720,33.736274906,-84.596768399,246
6720,33.736410806,-84.596121198,247
6720,33.736544476,-84.594908051,248
6720,33.736637834,-84.592889452,249
6720,33.736695503,-84.590945955,250
6720,33.736738818,-84.589770202,251
6720,33.736981583,-84.588867088,252
6720,33.737096274,-84.58859658,253
6720,33.737286802,-84.588272428,254
6720,33.737676779,-84.587790421,255
6720,33.738804248,-84.586935924,256
6720,33.739521878,-84.58641748,257
6720,33.74012352,-84.585968774,258
6720,33.740784069,-84.586595236,259
6720,33.742315773,-84.587887954,260
6720,33.742765731,-84.588341141,261
6720,33.743246911,-84.588743365,262
6720,33.7442561,-84.589258136,263
6720,33.745003099,-84.589442354,264
6720,33.745524301,-84.589493857,265
6720,33.746160982,-84.589566213,266
6720,33.750297232,-84.58994705,267
6720,33.752697163,-84.59018439,268
6720,33.753981846,-84.590316471,269
6720,33.755041276,-84.590432458,270
6720,33.755921633,-84.590711336,271
6720,33.756478631,-84.59093657,272
6720,33.758028575,-84.592180971,273
6720,33.759730125,-84.593666771,274
6720,33.76267033,-84.595831169,275
6720,33.764303171,-84.596859725,276
6720,33.76564834,-84.597850729,277
6720,33.768637396,-84.60040673,278
6720,33.770132359,-84.601562901,279
6720,33.771694184,-84.602485719,280
6720,33.772058709,-84.601578531,281
6720,33.772235947,-84.601261429,282
6720,33.772746491,-84.601681333,283
6720,33.773175166,-84.600938692,284
6720,33.773215894,-84.600925612,285
6720,33.774700927,-84.602128565,286
6721,33.7228,-84.77314,1
6721,33.72279,-84.77363,2
6721,33.72211,-84.77361,3
6721,33.72213,-84.77321,4
6721,33.72219,-84.77279,5
6721,33.72232,-84.77239,6
6721,33.72244,-84.77202,7
6721,33.72253,-84.77182,8
6721,33.72295,-84.77099,9
6721,33.72319,-84.77048,10
6721,33.72345,-84.76997,11
6721,33.72427,-84.76821,12
6721,33.72452,-84.76767,13
6721,33.72461,-84.76745,14
6721,33.72473,-84.76706,15
6721,33.72478,-84.76681,16
6721,33.7248,-84.76654,17
6721,33.72481,-84.76585,18
6721,33.72479,-84.76312,19
6721,33.7248,-84.76233,20
6721,33.72478,-84.76201,21
6721,33.72474,-84.76124,22
6721,33.72474,-84.76058,23
6721,33.72477,-84.76021,24
6721,33.72484,-84.75922,25
6721,33.72489,-84.75893,26
6721,33.72492,-84.75885,27
6721,33.72503,-84.75842,28
6721,33.72518,-84.75809,29
6721,33.72535,-84.75781,30
6721,33.72556,-84.75753,31
6721,33.72584,-84.75726,32
6721,33.72615,-84.75702,33
6721,33.72655,-84.75675,34
6721,33.72683,-84.75655,35
6721,33.72709,-84.75635,36
6721,33.72734,-84.75613,37
6721,33.72755,-84.75591,38
6721,33.72779,-84.75562,39
6721,33.72806,-84.75519,40
6721,33.72829,-84.75479,41
6721,33.72838,-84.75454,42
6721,33.72848,-84.7543,43
6721,33.72862,-84.75381,44
6721,33.72868,-84.75354,45
6721,33.72871,-84.75336,46
6721,33.72879,-84.75291,47
6721,33.72913,-84.75114,48
6721,33.7298,-84.74759,49
6721,33.72995,-84.74677,50
6721,33.73011,-84.74596,51
6721,33.73055,-84.74361,52
6721,33.73061,-84.74318,53
6721,33.73064,-84.74292,54
6721,33.73065,-84.74267,55
6721,33.73066,-84.74231,56
6721,33.73066,-84.74196,57
6721,33.73066,-84.74167,58
6721,33.73063,-84.74153,59
6721,33.7306,-84.7405,60
6721,33.73056,-84.73947,61
6721,33.7305,-84.73919,62
6721,33.73021,-84.73833,63
6721,33.73013,-84.73794,64
6721,33.73011,-84.73714,65
6721,33.73122,-84.73722,66
6721,33.73209,-84.73727,67
6721,33.73437,-84.73751,68
6721,33.7347,-84.73752,69
6721,33.73633,-84.73741,70
6721,33.73635,-84.73653,71
6721,33.7365,-84.73556,72
6721,33.7366,-84.73512,73
6721,33.73685,-84.73459,74
6721,33.73734,-84.73389,75
6721,33.73804,-84.73334,76
6721,33.73842,-84.7332,77
6721,33.7386,-84.73317,78
6721,33.73876,-84.73311,79
6721,33.73902,-84.73303,80
6721,33.73959,-84.73297,81
6721,33.74056,-84.73295,82
6721,33.74104,-84.73295,83
6721,33.74152,-84.73293,84
6721,33.74191,-84.73284,85
6721,33.74212,-84.73278,86
6721,33.74244,-84.73266,87
6721,33.74274,-84.73249,88
6721,33.74335,-84.73207,89
6721,33.74398,-84.7316,90
6721,33.74426,-84.73138,91
6721,33.74457,-84.73119,92
6721,33.7448,-84.73106,93
6721,33.74505,-84.73094,94
6721,33.7453,-84.73085,95
6721,33.74455,-84.72995,96
6721,33.74426,-84.72961,97
6721,33.74396,-84.72925,98
6721,33.74388,-84.72912,99
6721,33.74372,-84.72892,100
6721,33.74341,-84.7285,101
6721,33.74287,-84.72783,102
6721,33.74282,-84.72774,103
6721,33.74264,-84.72754,104
6721,33.74252,-84.72747,105
6721,33.74254,-84.72705,106
6721,33.74254,-84.72666,107
6721,33.74289,-84.72658,108
6721,33.74392,-84.72553,109
6721,33.74407,-84.72556,110
6721,33.74414,-84.72561,111
6721,33.7442,-84.72568,112
6721,33.74427,-84.7258,113
6721,33.74434,-84.72595,114
6721,33.7444,-84.7261,115
6721,33.74461,-84.72601,116
6721,33.74479,-84.72598,117
6721,33.74514,-84.726,118
6721,33.74565,-84.72606,119
6721,33.74616,-84.72613,120
6721,33.74667,-84.72619,121
6721,33.74718,-84.72625,122
6721,33.74831,-84.72636,123
6721,33.74881,-84.72641,124
6721,33.7493,-84.72642,125
6721,33.74977,-84.72638,126
6721,33.75023,-84.72631,127
6721,33.75072,-84.72626,128
6721,33.75111,-84.72621,129
6721,33.75112,-84.72538,130
6721,33.75113,-84.72454,131
6721,33.75113,-84.7232,132
6721,33.75109,-84.72175,133
6721,33.75097,-84.72036,134
6721,33.75075,-84.71796,135
6721,33.75067,-84.717,136
6721,33.7506,-84.71602,137
6721,33.75052,-84.71515,138
6721,33.75046,-84.71455,139
6721,33.75037,-84.71433,140
6721,33.75118,-84.71382,141
6721,33.75132,-84.71364,142
6721,33.75189,-84.71282,143
6721,33.75241,-84.71195,144
6721,33.75289,-84.71059,145
6721,33.75333,-84.70898,146
6721,33.75364,-84.70769,147
6721,33.75404,-84.70409,148
6721,33.75436,-84.70188,149
6721,33.75528,-84.69856,150
6721,33.75626,-84.69525,151
6721,33.7584,-84.68813,152
6721,33.75894,-84.68634,153
6721,33.75947,-84.68453,154
6721,33.76338,-84.67152,155
6721,33.76443,-84.66802,156
6721,33.76547,-84.66454,157
6721,33.76602,-84.6627,158
6721,33.76651,-84.66087,159
6721,33.76708,-84.6588,160
6721,33.76724,-84.65776,161
6721,33.76738,-84.65676,162
6721,33.76757,-84.65543,163
6721,33.76766,-84.65474,164
6721,33.7677,-84.65408,165
6721,33.7678,-84.65218,166
6721,33.7679,-84.65169,167
6721,33.76963,-84.65233,168
6721,33.77133,-84.65305,169
6721,33.77168,-84.65318,170
6721,33.772,-84.65326,171
6721,33.77258,-84.65325,172
6721,33.77305,-84.65316,173
6721,33.77351,-84.65316,174
6721,33.77425,-84.65319,175
6721,33.77443,-84.65319,176
6721,33.77461,-84.65318,177
6721,33.77498,-84.65317,178
6721,33.77571,-84.65316,179
6721,33.77644,-84.65313,180
6721,33.77672,-84.65309,181
6721,33.77694,-84.65299,182
6721,33.77715,-84.65291,183
6721,33.77735,-84.65279,184
6721,33.77774,-84.65313,185
6721,33.77811,-84.65351,186
6721,33.7789,-84.6545,187
6721,33.77908,-84.65469,188
6721,33.77953,-84.65501,189
6721,33.78004,-84.65527,190
6721,33.78053,-84.65552,191
6721,33.78075,-84.65558,192
6721,33.78175,-84.65565,193
6721,33.78275,-84.65574,194
6721,33.78363,-84.6558,195
6721,33.78449,-84.65585,196
6721,33.7848,-84.65589,197
6721,33.78499,-84.65592,198
6721,33.78513,-84.65593,199
6721,33.78575,-84.65612,200
6721,33.78632,-84.65633,201
6721,33.78685,-84.65657,202
6721,33.7886,-84.6578,203
6721,33.78944,-84.6584,204
6721,33.7903,-84.65899,205
6721,33.79053,-84.65915,206
6721,33.79099,-84.6594,207
6721,33.79146,-84.65961,208
6721,33.79265,-84.66016,209
6721,33.79333,-84.66047,210
6721,33.794,-84.66079,211
6721,33.79435,-84.65987,212
6721,33.79454,-84.65954,213
6721,33.7949,-84.65899,214
6721,33.79542,-84.65829,215
6721,33.79628,-84.65716,216
6721,33.79649,-84.65684,217
6721,33.79659,-84.65669,218
6721,33.79687,-84.65612,219
6721,33.79699,-84.65571,220
6721,33.79709,-84.65528,221
6721,33.79712,-84.65488,222
6721,33.79713,-84.6545,223
6721,33.79715,-84.65371,224
6721,33.79715,-84.65291,225
6721,33.79714,-84.65248,226
6721,33.79713,-84.65227,227
6721,33.79711,-84.65207,228
6721,33.79707,-84.65179,229
6721,33.79693,-84.65115,230
6721,33.79645,-84.6496,231
6721,33.79621,-84.64879,232
6721,33.79598,-84.648,233
6721,33.79593,-84.64762,234
6721,33.79591,-84.64725,235
6721,33.79593,-84.64682,236
6721,33.79598,-84.64635,237
6721,33.7962,-84.64546,238
6721,33.79644,-84.64457,239
6721,33.79649,-84.64438,240
6721,33.79684,-84.64349,241
6721,33.79697,-84.64304,242
6721,33.79699,-84.64268,243
6721,33.79673,-84.64203,244
6721,33.79533,-84.6384,245
6721,33.79461,-84.63658,246
6721,33.79422,-84.6356,247
6721,33.79388,-84.63477,248
6721,33.79293,-84.63241,249
6721,33.79245,-84.63121,250
6721,33.79199,-84.63002,251
6721,33.79124,-84.62817,252
6721,33.79051,-84.62644,253
6721,33.7895,-84.62392,254
6721,33.78805,-84.62029,255
6721,33.7866,-84.61668,256
6721,33.78614,-84.61552,257
6721,33.78536,-84.61357,258
6721,33.78437,-84.6116,259
6721,33.78384,-84.61081,260
6721,33.78319,-84.60999,261
6721,33.78256,-84.60933,262
6721,33.78192,-84.60873,263
6721,33.78141,-84.60833,264
6721,33.78089,-84.60796,265
6721,33.77881,-84.60678,266
6721,33.77674,-84.60564,267
6721,33.77414,-84.60415,268
6721,33.7716,-84.60268,269
6721,33.77206,-84.60157,270
6721,33.77223,-84.60127,271
6721,33.77274,-84.60168,272
6721,33.77319,-84.60092,273
6721,33.77483,-84.60223,274
6721,33.77509,-84.60244,275
6721,33.77456,-84.60338,276
6721,33.77431,-84.60336,277
6721,33.77422,-84.60333,278
6721,33.77361,-84.60295,279
6721,33.77336,-84.60348,280
6721,33.77581,-84.60486,281
6721,33.77599,-84.60483,282
6721,33.77616,-84.60474,283
6721,33.77627,-84.6046,284
6721,33.77641,-84.60432,285
6721,33.77651,-84.60397,286
6721,33.77655,-84.60364,287
6721,33.77653,-84.60298,288
6721,33.77645,-84.60081,289
6721,33.77647,-84.60026,290
6721,33.77554,-84.5864,291
6721,33.77463,-84.57267,292
6721,33.77389,-84.56351,293
6721,33.77346,-84.56189,294
6721,33.77314,-84.56028,295
6721,33.77304,-84.56002,296
6721,33.77229,-84.55961,297
6721,33.77259,-84.55893,298
6721,33.7728,-84.55836,299
6721,33.77285,-84.55787,300
6721,33.77284,-84.55736,301
6721,33.77226,-84.55431,302
6721,33.7719,-84.55363,303
6721,33.7717,-84.55278,304
6721,33.77164,-84.55216,305
6721,33.77294,-84.55179,306
6721,33.77379,-84.55158,307
6721,33.77431,-84.55133,308
6721,33.77436,-84.55293,309
6721,33.77444,-84.55339,310
6721,33.77464,-84.55395,311
6721,33.77493,-84.55443,312
6721,33.77693,-84.55728,313
6721,33.77719,-84.55778,314
6721,33.77728,-84.55811,315
6721,33.77733,-84.55855,316
6721,33.77734,-84.55905,317
6721,33.77728,-84.55946,318
6721,33.77718,-84.55985,319
6721,33.777,-84.56029,320
6721,33.77677,-84.56067,321
6721,33.77567,-84.56206,322
6721,33.77498,-84.56297,323
6721,33.77459,-84.56364,324
6721,33.77447,-84.56405,325
6721,33.7744,-84.56446,326
6721,33.77439,-84.56512,327
6721,33.7743,-84.56562,328
6721,33.77525,-84.57959,329
6721,33.77549,-84.58297,330
6721,33.77572,-84.58637,331
6721,33.77665,-84.60047,332
6721,33.77675,-84.602,333
6721,33.77681,-84.6026,334
6721,33.77692,-84.60283,335
6721,33.77722,-84.60404,336
6721,33.77778,-84.60581,337
6721,33.77767,-84.60615,338
6721,33.77161,-84.60268,339
6721,33.77206,-84.60157,340
6721,33.77223,-84.60127,341
6721,33.77274,-84.60169,342
6721,33.77319,-84.60092,343
6721,33.77483,-84.60223,344
6721,33.77509,-84.60243,345
6721,33.77456,-84.60338,346
6721,33.77431,-84.60336,347
6721,33.77422,-84.60333,348
6721,33.77361,-84.60295,349
6721,33.77336,-84.60348,350
6721,33.77809,-84.60616,351
6721,33.781,-84.60776,352
6721,33.78222,-84.60873,353
6721,33.7828,-84.60927,354
6721,33.78336,-84.60989,355
6721,33.78398,-84.6107,356
6721,33.78459,-84.61159,357
6721,33.78493,-84.61224,358
6721,33.7857,-84.61399,359
6721,33.78675,-84.61656,360
6721,33.78745,-84.61839,361
6721,33.78821,-84.62019,362
6721,33.78967,-84.62381,363
6721,33.7906,-84.62611,364
6721,33.79215,-84.63,365
6721,33.79309,-84.6323,366
6721,33.79401,-84.63462,367
6721,33.79727,-84.64296,368
6721,33.79715,-84.64308,369
6721,33.79688,-84.64354,370
6721,33.79655,-84.64439,371
6721,33.79649,-84.64458,372
6721,33.79604,-84.64637,373
6721,33.79598,-84.64682,374
6721,33.79598,-84.64726,375
6721,33.796,-84.64762,376
6721,33.79604,-84.64798,377
6721,33.79626,-84.64877,378
6721,33.79652,-84.64957,379
6721,33.79698,-84.65114,380
6721,33.79712,-84.65179,381
6721,33.79716,-84.65207,382
6721,33.79719,-84.65249,383
6721,33.79719,-84.65291,384
6721,33.79719,-84.65371,385
6721,33.7972,-84.6545,386
6721,33.79718,-84.65488,387
6721,33.79714,-84.6553,388
6721,33.79705,-84.65573,389
6721,33.79692,-84.65618,390
6721,33.79658,-84.65684,391
6721,33.79633,-84.6572,392
6721,33.79605,-84.65759,393
6721,33.79547,-84.65833,394
6721,33.79493,-84.65904,395
6721,33.79457,-84.65957,396
6721,33.7944,-84.65991,397
6721,33.79422,-84.66036,398
6721,33.79404,-84.66089,399
6721,33.79332,-84.66053,400
6721,33.79263,-84.66021,401
6721,33.79205,-84.65994,402
6721,33.79145,-84.65966,403
6721,33.79098,-84.65944,404
6721,33.79051,-84.6592,405
6721,33.79028,-84.65904,406
6721,33.78942,-84.65846,407
6721,33.78857,-84.65786,408
6721,33.78767,-84.65723,409
6721,33.78683,-84.65667,410
6721,33.7863,-84.65644,411
6721,33.7857,-84.65626,412
6721,33.7851,-84.65605,413
6721,33.78499,-84.65601,414
6721,33.7848,-84.65596,415
6721,33.78448,-84.65592,416
6721,33.78363,-84.65586,417
6721,33.78275,-84.6558,418
6721,33.78176,-84.65573,419
6721,33.78074,-84.65564,420
6721,33.78051,-84.65558,421
6721,33.78001,-84.65534,422
6721,33.77951,-84.65507,423
6721,33.77906,-84.65476,424
6721,33.77886,-84.65456,425
6721,33.77807,-84.65355,426
6721,33.7777,-84.65318,427
6721,33.77735,-84.65288,428
6721,33.77696,-84.65308,429
6721,33.77674,-84.65317,430
6721,33.77644,-84.65321,431
6721,33.77498,-84.65325,432
6721,33.77424,-84.65327,433
6721,33.77351,-84.65328,434
6721,33.77306,-84.65331,435
6721,33.7726,-84.6534,436
6721,33.77194,-84.65345,437
6721,33.77079,-84.65305,438
6721,33.76967,-84.65265,439
6721,33.76951,-84.65273,440
6721,33.76936,-84.65283,441
6721,33.76883,-84.65412,442
6721,33.7683,-84.65535,443
6721,33.76811,-84.65588,444
6721,33.76774,-84.6573,445
6721,33.76763,-84.65772,446
6721,33.76749,-84.65811,447
6721,33.76673,-84.66092,448
6721,33.76573,-84.66456,449
6721,33.7636,-84.67172,450
6721,33.76237,-84.67572,451
6721,33.76119,-84.67973,452
6721,33.76074,-84.68118,453
6721,33.76031,-84.6826,454
6721,33.75946,-84.68545,455
6721,33.75875,-84.6878,456
6721,33.75805,-84.69016,457
6721,33.75648,-84.69531,458
6721,33.75573,-84.69779,459
6721,33.75499,-84.70032,460
6721,33.75473,-84.70143,461
6721,33.75452,-84.70255,462
6721,33.75422,-84.70473,463
6721,33.75379,-84.70811,464
6721,33.7531,-84.71078,465
6721,33.75279,-84.71166,466
6721,33.75273,-84.71205,467
6721,33.75262,-84.71249,468
6721,33.75208,-84.71419,469
6721,33.75086,-84.7173,470
6721,33.75093,-84.71799,471
6721,33.75105,-84.71944,472
6721,33.75116,-84.72058,473
6721,33.75126,-84.72172,474
6721,33.75128,-84.72393,475
6721,33.75127,-84.72509,476
6721,33.75125,-84.72626,477
6721,33.75072,-84.72629,478
6721,33.75023,-84.72634,479
6721,33.74978,-84.72642,480
6721,33.7493,-84.72646,481
6721,33.74881,-84.72645,482
6721,33.74831,-84.7264,483
6721,33.74718,-84.7263,484
6721,33.74667,-84.72623,485
6721,33.74615,-84.72617,486
6721,33.74564,-84.72609,487
6721,33.74514,-84.72603,488
6721,33.74488,-84.72602,489
6721,33.74479,-84.72601,490
6721,33.74462,-84.72604,491
6721,33.74442,-84.72615,492
6721,33.74419,-84.72634,493
6721,33.7429,-84.72787,494
6721,33.74287,-84.72783,495
6721,33.74282,-84.72774,496
6721,33.74264,-84.72754,497
6721,33.74252,-84.72747,498
6721,33.74254,-84.72705,499
6721,33.74254,-84.72666,500
6721,33.74289,-84.72658,501
6721,33.74392,-84.72553,502
6721,33.74407,-84.72556,503
6721,33.74414,-84.72561,504
6721,33.7442,-84.72568,505
6721,33.74427,-84.7258,506
6721,33.74433,-84.72596,507
6721,33.74442,-84.72615,508
6721,33.74419,-84.72634,509
6721,33.74293,-84.72784,510
6721,33.74344,-84.72848,511
6721,33.74391,-84.72908,512
6721,33.74402,-84.72925,513
6721,33.7441,-84.72934,514
6721,33.74429,-84.72957,515
6721,33.74459,-84.72994,516
6721,33.74539,-84.73087,517
6721,33.74507,-84.73099,518
6721,33.74482,-84.73111,519
6721,33.74458,-84.73123,520
6721,33.74428,-84.73142,521
6721,33.74399,-84.73164,522
6721,33.74334,-84.73213,523
6721,33.74305,-84.73234,524
6721,33.74276,-84.73254,525
6721,33.74245,-84.7327,526
6721,33.74214,-84.73283,527
6721,33.74193,-84.7329,528
6721,33.74171,-84.73296,529
6721,33.74152,-84.73299,530
6721,33.74103,-84.73301,531
6721,33.74055,-84.73301,532
6721,33.73958,-84.73303,533
6721,33.73901,-84.73308,534
6721,33.73876,-84.73315,535
6721,33.73857,-84.73323,536
6721,33.73844,-84.73333,537
6721,33.7381,-84.73347,538
6721,33.73791,-84.73364,539
6721,33.73764,-84.73384,540
6721,33.7374,-84.73408,541
6721,33.73698,-84.73468,542
6721,33.73671,-84.73523,543
6721,33.73657,-84.73583,544
6721,33.73646,-84.73656,545
6721,33.73642,-84.7374,546
6721,33.7364,-84.73752,547
6721,33.73586,-84.73755,548
6721,33.73468,-84.73766,549
6721,33.73436,-84.73766,550
6721,33.73206,-84.73748,551
6721,33.7312,-84.73738,552
6721,33.73054,-84.73734,553
6721,33.73039,-84.7374,554
6721,33.73028,-84.73746,555
6721,33.73021,-84.73762,556
6721,33.73024,-84.73799,557
6721,33.7303,-84.73832,558
6721,33.73061,-84.73916,559
6721,33.73067,-84.73945,560
6721,33.7307,-84.74049,561
6721,33.73074,-84.74146,562
6721,33.73071,-84.74168,563
6721,33.73072,-84.74197,564
6721,33.73072,-84.74267,565
6721,33.73068,-84.74319,566
6721,33.73061,-84.74362,567
6721,33.73051,-84.74421,568
6721,33.73039,-84.74481,569
6721,33.73017,-84.74599,570
6721,33.73001,-84.7468,571
6721,33.72986,-84.74762,572
6721,33.72926,-84.75074,573
6721,33.72885,-84.75294,574
6721,33.72874,-84.75356,575
6721,33.72868,-84.75384,576
6721,33.72854,-84.75433,577
6721,33.72845,-84.75459,578
6721,33.72834,-84.75483,579
6721,33.72811,-84.75524,580
6721,33.72783,-84.75567,581
6721,33.7276,-84.75597,582
6721,33.72737,-84.75619,583
6721,33.72714,-84.75641,584
6721,33.72686,-84.75661,585
6721,33.72658,-84.75681,586
6721,33.7262,-84.75707,587
6721,33.72593,-84.75727,588
6721,33.7256,-84.75758,589
6721,33.72539,-84.75785,590
6721,33.72523,-84.75814,591
6721,33.72515,-84.75829,592
6721,33.72509,-84.75846,593
6721,33.72496,-84.75889,594
6721,33.72493,-84.75906,595
6721,33.72491,-84.75924,596
6721,33.72489,-84.75953,597
6721,33.72483,-84.76021,598
6721,33.7248,-84.7606,599
6721,33.7248,-84.76123,600
6721,33.72484,-84.76201,601
6721,33.72484,-84.76233,602
6721,33.72484,-84.76312,603
6721,33.72483,-84.76381,604
6721,33.72484,-84.76449,605
6721,33.72486,-84.76587,606
6721,33.72484,-84.7665,607
6721,33.72483,-84.76675,608
6721,33.72477,-84.76707,609
6721,33.72465,-84.76748,610
6721,33.72455,-84.76772,611
6721,33.72443,-84.76797,612
6721,33.72399,-84.76889,613
6721,33.72348,-84.77,614
6721,33.72297,-84.77102,615
6721,33.72257,-84.77184,616
6721,33.72248,-84.77204,617
6721,33.72235,-84.77241,618
6721,33.72224,-84.77279,619
6721,33.72217,-84.77321,620
6721,33.72216,-84.77359,621
6721,33.72278,-84.77361,622
6721,33.72377,-84.77364,623
6721,33.72382,-84.7736,624
6721,33.72385,-84.77354,625
6721,33.72387,-84.77347,626
6721,33.72387,-84.77327,627
6721,33.72384,-84.7732,628
6721,33.72381,-84.77318,629
6721,33.72366,-84.77304,630
6721,33.7233,-84.77281,631
6721,33.72316,-84.77274,632
6721,33.72309,-84.77273,633
6721,33.72296,-84.77274,634
6721,33.72288,-84.77279,635
6721,33.72283,-84.77286,636
6721,33.72281,-84.77294,637
6721,33.7228,-84.77314,638