trip_id,arrival_time,departure_time,stop_id,stop_sequence
87068,06:00:00,06:00:00,20605,1
87068,,,20730,2
87068,,,20606,3
87068,,,20608,4
87068,06:07:00,06:07:00,20609,5
87068,,,20610,6
87068,06:12:00,06:12:00,20611,7
87068,,,20612,8
87068,,,20614,9
87068,,,20615,10
87068,,,20616,11
87068,06:28:00,06:28:00,20631,12
87068,,,20617,13
87068,06:33:00,06:33:00,20618,14
87068,,,20619,15
87068,,,20622,16
87068,,,20620,17
87068,06:42:00,06:42:00,20621,18
87068,06:47:00,06:47:00,20623,19
87433,07:00:00,07:00:00,20605,1
87433,,,20730,2
87433,,,20606,3
87433,,,20608,4
87433,07:07:00,07:07:00,20609,5
87433,,,20610,6
87433,07:12:00,07:12:00,20611,7
87433,,,20612,8
87433,,,20614,9
87433,,,20615,10
87433,,,20616,11
87433,07:28:00,07:28:00,20631,12
87433,,,20617,13
87433,07:33:00,07:33:00,20618,14
87433,,,20619,15
87433,,,20622,16
87433,,,20620,17
87433,07:42:00,07:42:00,20621,18
87433,07:47:00,07:47:00,20623,19
87434,08:00:00,08:00:00,20605,1
87434,,,20730,2
87434,,,20606,3
87434,,,20608,4
87434,08:07:00,08:07:00,20609,5
87434,,,20610,6
87434,08:12:00,08:12:00,20611,7
87434,,,20612,8
87434,,,20614,9
87434,,,20615,10
87434,,,20616,11
87434,08:28:00,08:28:00,20631,12
87434,,,20617,13
87434,08:33:00,08:33:00,20618,14
87434,,,20619,15
87434,,,20622,16
87434,,,20620,17
87434,08:42:00,08:42:00,20621,18
87434,08:47:00,08:47:00,20623,19
87435,09:00:00,09:00:00,20605,1
87435,,,20730,2
87435,,,20606,3
87435,,,20608,4
87435,09:07:00,09:07:00,20609,5
87435,,,20610,6
87435,09:12:00,09:12:00,20611,7
87435,,,20612,8
87435,,,20614,9
87435,,,20615,10
87435,,,20616,11
87435,09:28:00,09:28:00,20631,12
87435,,,20617,13
87435,09:33:00,09:33:00,20618,14
87435,,,20619,15
87435,,,20622,16
87435,,,20620,17
87435,09:42:00,09:42:00,20621,18
87435,09:47:00,09:47:00,20623,19
87436,10:00:00,10:00:00,20605,1
87436,,,20730,2
87436,,,20606,3
87436,,,20608,4
87436,10:07:00,10:07:00,20609,5
87436,,,20610,6
87436,10:12:00,10:12:00,20611,7
87436,,,20612,8
87436,,,20614,9
87436,,,20615,10
87436,,,20616,11
87436,10:28:00,10:28:00,20631,12
87436,,,20617,13
87436,10:33:00,10:33:00,20618,14
87436,,,20619,15
87436,,,20622,16
87436,,,20620,17
87436,10:42:00,10:42:00,20621,18
87436,10:47:00,10:47:00,20623,19
87437,11:00:00,11:00:00,20605,1
87437,,,20730,2
87437,,,20606,3
87437,,,20608,4
87437,11:07:00,11:07:00,20609,5
87437,,,20610,6
87437,11:12:00,11:12:00,20611,7
87437,,,20612,8
87437,,,20614,9
87437,,,20615,10
87437,,,20616,11
87437,11:28:00,11:28:00,20631,12
87437,,,20617,13
87437,11:33:00,11:33:00,20618,14
87437,,,20619,15
87437,,,20622,16
87437,,,20620,17
87437,11:42:00,11:42:00,20621,18
87437,11:47:00,11:47:00,20623,19
87438,12:00:00,12:00:00,20605,1
87438,,,20730,2
87438,,,20606,3
87438,,,20608,4
87438,12:07:00,12:07:00,20609,5
87438,,,20610,6
87438,12:12:00,12:12:00,20611,7
87438,,,20612,8
87438,,,20614,9
87438,,,20615,10
87438,,,20616,11
87438,12:28:00,12:28:00,20631,12
87438,,,20617,13
87438,12:33:00,12:33:00,20618,14
87438,,,20619,15
87438,,,20622,16
87438,,,20620,17
87438,12:42:00,12:42:00,20621,18
87438,12:47:00,12:47:00,20623,19
87439,13:00:00,13:00:00,20605,1
87439,,,20730,2
87439,,,20606,3
87439,,,20608,4
87439,13:07:00,13:07:00,20609,5
87439,,,20610,6
87439,13:12:00,13:12:00,20611,7
87439,,,20612,8
87439,,,20614,9
87439,,,20615,10
87439,,,20616,11
87439,13:28:00,13:28:00,20631,12
87439,,,20617,13
87439,13:33:00,13:33:00,20618,14
87439,,,20619,15
87439,,,20622,16
87439,,,20620,17
87439,13:42:00,13:42:00,20621,18
87439,13:47:00,13:47:00,20623,19
87440,14:00:00,14:00:00,20605,1
87440,,,20730,2
87440,,,20606,3
87440,,,20608,4
87440,14:07:00,14:07:00,20609,5
87440,,,20610,6
87440,14:12:00,14:12:00,20611,7
87440,,,20612,8
87440,,,20614,9
87440,,,20615,10
87440,,,20616,11
87440,14:28:00,14:28:00,20631,12
87440,,,20617,13
87440,14:33:00,14:33:00,20618,14
87440,,,20619,15
87440,,,20622,16
87440,,,20620,17
87440,14:42:00,14:42:00,20621,18
87440,14:47:00,14:47:00,20623,19
87441,15:00:00,15:00:00,20605,1
87441,,,20730,2
87441,,,20606,3
87441,,,20608,4
87441,15:07:00,15:07:00,20609,5
87441,,,20610,6
87441,15:12:00,15:12:00,20611,7
87441,,,20612,8
87441,,,20614,9
87441,,,20615,10
87441,,,20616,11
87441,15:28:00,15:28:00,20631,12
87441,,,20617,13
87441,15:33:00,15:33:00,20618,14
87441,,,20619,15
87441,,,20622,16
87441,,,20620,17
87441,15:42:00,15:42:00,20621,18
87441,15:47:00,15:47:00,20623,19
87442,16:00:00,16:00:00,20605,1
87442,,,20730,2
87442,,,20606,3
87442,,,20608,4
87442,16:07:00,16:07:00,20609,5
87442,,,20610,6
87442,16:12:00,16:12:00,20611,7
87442,,,20612,8
87442,,,20614,9
87442,,,20615,10
87442,,,20616,11
87442,16:28:00,16:28:00,20631,12
87442,,,20617,13
87442,16:33:00,16:33:00,20618,14
87442,,,20619,15
87442,,,20622,16
87442,,,20620,17
87442,16:42:00,16:42:00,20621,18
87442,16:47:00,16:47:00,20623,19
87443,17:00:00,17:00:00,20605,1
87443,,,20730,2
87443,,,20606,3
87443,,,20608,4
87443,17:07:00,17:07:00,20609,5
87443,,,20610,6
87443,17:12:00,17:12:00,20611,7
87443,,,20612,8
87443,,,20614,9
87443,,,20615,10
87443,,,20616,11
87443,17:28:00,17:28:00,20631,12
87443,,,20617,13
87443,17:33:00,17:33:00,20618,14
87443,,,20619,15
87443,,,20622,16
87443,,,20620,17
87443,17:42:00,17:42:00,20621,18
87443,17:47:00,17:47:00,20623,19
87444,18:00:00,18:00:00,20605,1
87444,,,20730,2
87444,,,20606,3
87444,,,20608,4
87444,18:07:00,18:07:00,20609,5
87444,,,20610,6
87444,18:12:00,18:12:00,20611,7
87444,,,20612,8
87444,,,20614,9
87444,,,20615,10
87444,,,20616,11
87444,18:28:00,18:28:00,20631,12
87444,,,20617,13
87444,18:33:00,18:33:00,20618,14
87444,,,20619,15
87444,,,20622,16
87444,,,20620,17
87444,18:42:00,18:42:00,20621,18
87444,18:47:00,18:47:00,20623,19
87445,19:00:00,19:00:00,20605,1
87445,,,20730,2
87445,,,20606,3
87445,,,20608,4
87445,19:07:00,19:07:00,20609,5
87445,,,20610,6
87445,19:12:00,19:12:00,20611,7
87445,,,20612,8
87445,,,20614,9
87445,,,20615,10
87445,,,20616,11
87445,19:28:00,19:28:00,20631,12
87445,,,20617,13
87445,19:33:00,19:33:00,20618,14
87445,,,20619,15
87445,,,20622,16
87445,,,20620,17
87445,19:42:00,19:42:00,20621,18
87445,19:47:00,19:47:00,20623,19
87446,20:00:00,20:00:00,20605,1
87446,,,20730,2
87446,,,20606,3
87446,,,20608,4
87446,20:07:00,20:07:00,20609,5
87446,,,20610,6
87446,20:12:00,20:12:00,20611,7
87446,,,20612,8
87446,,,20614,9
87446,,,20615,10
87446,,,20616,11
87446,20:28:00,20:28:00,20631,12
87446,,,20617,13
87446,20:33:00,20:33:00,20618,14
87446,,,20619,15
87446,,,20622,16
87446,,,20620,17
87446,20:42:00,20:42:00,20621,18
87446,20:47:00,20:47:00,20623,19
87447,06:36:00,06:36:00,20605,1
87447,,,20730,2
87447,,,20606,3
87447,,,20608,4
87447,06:43:00,06:43:00,20609,5
87447,,,20610,6
87447,06:48:00,06:48:00,20611,7
87447,,,20612,8
87447,,,20614,9
87447,,,20615,10
87447,,,20616,11
87447,07:04:00,07:04:00,20631,12
87447,,,20617,13
87447,07:10:00,07:10:00,20618,14
87447,,,20619,15
87447,,,20622,16
87447,,,20620,17
87447,07:19:00,07:19:00,20621,18
87447,07:24:00,07:24:00,20623,19
87448,07:36:00,07:36:00,20605,1
87448,,,20730,2
87448,,,20606,3
87448,,,20608,4
87448,07:43:00,07:43:00,20609,5
87448,,,20610,6
87448,07:48:00,07:48:00,20611,7
87448,,,20612,8
87448,,,20614,9
87448,,,20615,10
87448,,,20616,11
87448,08:04:00,08:04:00,20631,12
87448,,,20617,13
87448,08:10:00,08:10:00,20618,14
87448,,,20619,15
87448,,,20622,16
87448,,,20620,17
87448,08:19:00,08:19:00,20621,18
87448,08:24:00,08:24:00,20623,19
87449,08:36:00,08:36:00,20605,1
87449,,,20730,2
87449,,,20606,3
87449,,,20608,4
87449,08:43:00,08:43:00,20609,5
87449,,,20610,6
87449,08:48:00,08:48:00,20611,7
87449,,,20612,8
87449,,,20614,9
87449,,,20615,10
87449,,,20616,11
87449,09:04:00,09:04:00,20631,12
87449,,,20617,13
87449,09:10:00,09:10:00,20618,14
87449,,,20619,15
87449,,,20622,16
87449,,,20620,17
87449,09:19:00,09:19:00,20621,18
87449,09:24:00,09:24:00,20623,19
87456,15:36:00,15:36:00,20605,1
87456,,,20730,2
87456,,,20606,3
87456,,,20608,4
87456,15:43:00,15:43:00,20609,5
87456,,,20610,6
87456,15:48:00,15:48:00,20611,7
87456,,,20612,8
87456,,,20614,9
87456,,,20615,10
87456,,,20616,11
87456,16:04:00,16:04:00,20631,12
87456,,,20617,13
87456,16:10:00,16:10:00,20618,14
87456,,,20619,15
87456,,,20622,16
87456,,,20620,17
87456,16:19:00,16:19:00,20621,18
87456,16:24:00,16:24:00,20623,19
87457,16:36:00,16:36:00,20605,1
87457,,,20730,2
87457,,,20606,3
87457,,,20608,4
87457,16:43:00,16:43:00,20609,5
87457,,,20610,6
87457,16:48:00,16:48:00,20611,7
87457,,,20612,8
87457,,,20614,9
87457,,,20615,10
87457,,,20616,11
87457,17:04:00,17:04:00,20631,12
87457,,,20617,13
87457,17:10:00,17:10:00,20618,14
87457,,,20619,15
87457,,,20622,16
87457,,,20620,17
87457,17:19:00,17:19:00,20621,18
87457,17:24:00,17:24:00,20623,19
87458,17:36:00,17:36:00,20605,1
87458,,,20730,2
87458,,,20606,3
87458,,,20608,4
87458,17:43:00,17:43:00,20609,5
87458,,,20610,6
87458,17:48:00,17:48:00,20611,7
87458,,,20612,8
87458,,,20614,9
87458,,,20615,10
87458,,,20616,11
87458,18:04:00,18:04:00,20631,12
87458,,,20617,13
87458,18:10:00,18:10:00,20618,14
87458,,,20619,15
87458,,,20622,16
87458,,,20620,17
87458,18:19:00,18:19:00,20621,18
87458,18:24:00,18:24:00,20623,19
87508,07:00:00,07:00:00,20605,1
87508,,,20730,2
87508,,,20606,3
87508,,,20608,4
87508,07:07:00,07:07:00,20609,5
87508,,,20610,6
87508,07:12:00,07:12:00,20611,7
87508,,,20612,8
87508,,,20614,9
87508,,,20615,10
87508,,,20616,11
87508,07:28:00,07:28:00,20631,12
87508,,,20617,13
87508,07:33:00,07:33:00,20618,14
87508,,,20619,15
87508,,,20622,16
87508,,,20620,17
87508,07:42:00,07:42:00,20621,18
87508,07:47:00,07:47:00,20623,19
87509,08:00:00,08:00:00,20605,1
87509,,,20730,2
87509,,,20606,3
87509,,,20608,4
87509,08:07:00,08:07:00,20609,5
87509,,,20610,6
87509,08:12:00,08:12:00,20611,7
87509,,,20612,8
87509,,,20614,9
87509,,,20615,10
87509,,,20616,11
87509,08:28:00,08:28:00,20631,12
87509,,,20617,13
87509,08:33:00,08:33:00,20618,14
87509,,,20619,15
87509,,,20622,16
87509,,,20620,17
87509,08:42:00,08:42:00,20621,18
87509,08:47:00,08:47:00,20623,19
87510,09:00:00,09:00:00,20605,1
87510,,,20730,2
87510,,,20606,3
87510,,,20608,4
87510,09:07:00,09:07:00,20609,5
87510,,,20610,6
87510,09:12:00,09:12:00,20611,7
87510,,,20612,8
87510,,,20614,9
87510,,,20615,10
87510,,,20616,11
87510,09:28:00,09:28:00,20631,12
87510,,,20617,13
87510,09:33:00,09:33:00,20618,14
87510,,,20619,15
87510,,,20622,16
87510,,,20620,17
87510,09:42:00,09:42:00,20621,18
87510,09:47:00,09:47:00,20623,19
87511,10:00:00,10:00:00,20605,1
87511,,,20730,2
87511,,,20606,3
87511,,,20608,4
87511,10:07:00,10:07:00,20609,5
87511,,,20610,6
87511,10:12:00,10:12:00,20611,7
87511,,,20612,8
87511,,,20614,9
87511,,,20615,10
87511,,,20616,11
87511,10:28:00,10:28:00,20631,12
87511,,,20617,13
87511,10:33:00,10:33:00,20618,14
87511,,,20619,15
87511,,,20622,16
87511,,,20620,17
87511,10:42:00,10:42:00,20621,18
87511,10:47:00,10:47:00,20623,19
87512,11:00:00,11:00:00,20605,1
87512,,,20730,2
87512,,,20606,3
87512,,,20608,4
87512,11:07:00,11:07:00,20609,5
87512,,,20610,6
87512,11:12:00,11:12:00,20611,7
87512,,,20612,8
87512,,,20614,9
87512,,,20615,10
87512,,,20616,11
87512,11:28:00,11:28:00,20631,12
87512,,,20617,13
87512,11:33:00,11:33:00,20618,14
87512,,,20619,15
87512,,,20622,16
87512,,,20620,17
87512,11:42:00,11:42:00,20621,18
87512,11:47:00,11:47:00,20623,19
87513,12:00:00,12:00:00,20605,1
87513,,,20730,2
87513,,,20606,3
87513,,,20608,4
87513,12:07:00,12:07:00,20609,5
87513,,,20610,6
87513,12:12:00,12:12:00,20611,7
87513,,,20612,8
87513,,,20614,9
87513,,,20615,10
87513,,,20616,11
87513,12:28:00,12:28:00,20631,12
87513,,,20617,13
87513,12:33:00,12:33:00,20618,14
87513,,,20619,15
87513,,,20622,16
87513,,,20620,17
87513,12:42:00,12:42:00,20621,18
87513,12:47:00,12:47:00,20623,19
87514,13:00:00,13:00:00,20605,1
87514,,,20730,2
87514,,,20606,3
87514,,,20608,4
87514,13:07:00,13:07:00,20609,5
87514,,,20610,6
87514,13:12:00,13:12:00,20611,7
87514,,,20612,8
87514,,,20614,9
87514,,,20615,10
87514,,,20616,11
87514,13:28:00,13:28:00,20631,12
87514,,,20617,13
87514,13:33:00,13:33:00,20618,14
87514,,,20619,15
87514,,,20622,16
87514,,,20620,17
87514,13:42:00,13:42:00,20621,18
87514,13:47:00,13:47:00,20623,19
87515,14:00:00,14:00:00,20605,1
87515,,,20730,2
87515,,,20606,3
87515,,,20608,4
87515,14:07:00,14:07:00,20609,5
87515,,,20610,6
87515,14:12:00,14:12:00,20611,7
87515,,,20612,8
87515,,,20614,9
87515,,,20615,10
87515,,,20616,11
87515,14:28:00,14:28:00,20631,12
87515,,,20617,13
87515,14:33:00,14:33:00,20618,14
87515,,,20619,15
87515,,,20622,16
87515,,,20620,17
87515,14:42:00,14:42:00,20621,18
87515,14:47:00,14:47:00,20623,19
87516,15:00:00,15:00:00,20605,1
87516,,,20730,2
87516,,,20606,3
87516,,,20608,4
87516,15:07:00,15:07:00,20609,5
87516,,,20610,6
87516,15:12:00,15:12:00,20611,7
87516,,,20612,8
87516,,,20614,9
87516,,,20615,10
87516,,,20616,11
87516,15:28:00,15:28:00,20631,12
87516,,,20617,13
87516,15:33:00,15:33:00,20618,14
87516,,,20619,15
87516,,,20622,16
87516,,,20620,17
87516,15:42:00,15:42:00,20621,18
87516,15:47:00,15:47:00,20623,19
87517,16:00:00,16:00:00,20605,1
87517,,,20730,2
87517,,,20606,3
87517,,,20608,4
87517,16:07:00,16:07:00,20609,5
87517,,,20610,6
87517,16:12:00,16:12:00,20611,7
87517,,,20612,8
87517,,,20614,9
87517,,,20615,10
87517,,,20616,11
87517,16:28:00,16:28:00,20631,12
87517,,,20617,13
87517,16:33:00,16:33:00,20618,14
87517,,,20619,15
87517,,,20622,16
87517,,,20620,17
87517,16:42:00,16:42:00,20621,18
87517,16:47:00,16:47:00,20623,19
87518,17:00:00,17:00:00,20605,1
87518,,,20730,2
87518,,,20606,3
87518,,,20608,4
87518,17:07:00,17:07:00,20609,5
87518,,,20610,6
87518,17:12:00,17:12:00,20611,7
87518,,,20612,8
87518,,,20614,9
87518,,,20615,10
87518,,,20616,11
87518,17:28:00,17:28:00,20631,12
87518,,,20617,13
87518,17:33:00,17:33:00,20618,14
87518,,,20619,15
87518,,,20622,16
87518,,,20620,17
87518,17:42:00,17:42:00,20621,18
87518,17:47:00,17:47:00,20623,19
87519,18:00:00,18:00:00,20605,1
87519,,,20730,2
87519,,,20606,3
87519,,,20608,4
87519,18:07:00,18:07:00,20609,5
87519,,,20610,6
87519,18:12:00,18:12:00,20611,7
87519,,,20612,8
87519,,,20614,9
87519,,,20615,10
87519,,,20616,11
87519,18:28:00,18:28:00,20631,12
87519,,,20617,13
87519,18:33:00,18:33:00,20618,14
87519,,,20619,15
87519,,,20622,16
87519,,,20620,17
87519,18:42:00,18:42:00,20621,18
87519,18:47:00,18:47:00,20623,19
87520,19:00:00,19:00:00,20605,1
87520,,,20730,2
87520,,,20606,3
87520,,,20608,4
87520,19:07:00,19:07:00,20609,5
87520,,,20610,6
87520,19:12:00,19:12:00,20611,7
87520,,,20612,8
87520,,,20614,9
87520,,,20615,10
87520,,,20616,11
87520,19:28:00,19:28:00,20631,12
87520,,,20617,13
87520,19:33:00,19:33:00,20618,14
87520,,,20619,15
87520,,,20622,16
87520,,,20620,17
87520,19:42:00,19:42:00,20621,18
87520,19:47:00,19:47:00,20623,19
87521,20:00:00,20:00:00,20605,1
87521,,,20730,2
87521,,,20606,3
87521,,,20608,4
87521,20:07:00,20:07:00,20609,5
87521,,,20610,6
87521,20:12:00,20:12:00,20611,7
87521,,,20612,8
87521,,,20614,9
87521,,,20615,10
87521,,,20616,11
87521,20:28:00,20:28:00,20631,12
87521,,,20617,13
87521,20:33:00,20:33:00,20618,14
87521,,,20619,15
87521,,,20622,16
87521,,,20620,17
87521,20:42:00,20:42:00,20621,18
87521,20:47:00,20:47:00,20623,19
88634,06:00:00,06:00:00,20625,1
88634,,,20822,2
88634,,,20626,3
88634,,,20817,4
88634,,,20627,5
88634,,,20628,6
88634,06:05:00,06:05:00,20629,7
88634,,,23415,8
88634,,,23416,9
88634,,,20818,10
88634,06:18:00,06:18:00,20631,11
88634,,,20617,12
88634,,,20658,13
88634,,,20657,14
88634,06:26:00,06:26:00,20633,15
88634,06:30:00,06:30:00,20634,16
88634,06:35:00,06:35:00,20635,17
88634,,,20636,18
88634,06:42:00,06:42:00,20618,19
88634,,,20619,20
88634,,,20622,21
88634,,,20620,22
88634,06:48:00,06:48:00,20638,23
88634,,,20717,24
88634,07:00:00,07:00:00,20639,25
88643,07:05:00,07:05:00,20625,1
88643,,,20822,2
88643,,,20626,3
88643,,,20817,4
88643,,,20627,5
88643,,,20628,6
88643,07:10:00,07:10:00,20629,7
88643,,,23415,8
88643,,,23416,9
88643,,,20818,10
88643,07:23:00,07:23:00,20631,11
88643,,,20617,12
88643,,,20658,13
88643,,,20657,14
88643,07:31:00,07:31:00,20633,15
88643,07:35:00,07:35:00,20634,16
88643,07:40:00,07:40:00,20635,17
88643,,,20636,18
88643,07:47:00,07:47:00,20618,19
88643,,,20619,20
88643,,,20622,21
88643,,,20620,22
88643,07:53:00,07:53:00,20638,23
88643,,,20717,24
88643,07:57:00,07:57:00,20639,25
88644,08:10:00,08:10:00,20625,1
88644,,,20822,2
88644,,,20626,3
88644,,,20817,4
88644,,,20627,5
88644,,,20628,6
88644,08:15:00,08:15:00,20629,7
88644,,,23415,8
88644,,,23416,9
88644,,,20818,10
88644,08:28:00,08:28:00,20631,11
88644,,,20617,12
88644,,,20658,13
88644,,,20657,14
88644,08:36:00,08:36:00,20633,15
88644,08:40:00,08:40:00,20634,16
88644,08:45:00,08:45:00,20635,17
88644,,,20636,18
88644,08:52:00,08:52:00,20618,19
88644,,,20619,20
88644,,,20622,21
88644,,,20620,22
88644,08:58:00,08:58:00,20638,23
88644,,,20717,24
88644,09:02:00,09:02:00,20639,25
88645,09:15:00,09:15:00,20625,1
88645,,,20822,2
88645,,,20626,3
88645,,,20817,4
88645,,,20627,5
88645,,,20628,6
88645,09:20:00,09:20:00,20629,7
88645,,,23415,8
88645,,,23416,9
88645,,,20818,10
88645,09:33:00,09:33:00,20631,11
88645,,,20617,12
88645,,,20658,13
88645,,,20657,14
88645,09:41:00,09:41:00,20633,15
88645,09:45:00,09:45:00,20634,16
88645,09:50:00,09:50:00,20635,17
88645,,,20636,18
88645,09:57:00,09:57:00,20618,19
88645,,,20619,20
88645,,,20622,21
88645,,,20620,22
88645,10:03:00,10:03:00,20638,23
88645,,,20717,24
88645,10:07:00,10:07:00,20639,25
88646,10:20:00,10:20:00,20625,1
88646,,,20822,2
88646,,,20626,3
88646,,,20817,4
88646,,,20627,5
88646,,,20628,6
88646,10:25:00,10:25:00,20629,7
88646,,,23415,8
88646,,,23416,9
88646,,,20818,10
88646,10:38:00,10:38:00,20631,11
88646,,,20617,12
88646,,,20658,13
88646,,,20657,14
88646,10:46:00,10:46:00,20633,15
88646,10:50:00,10:50:00,20634,16
88646,10:55:00,10:55:00,20635,17
88646,,,20636,18
88646,11:02:00,11:02:00,20618,19
88646,,,20619,20
88646,,,20622,21
88646,,,20620,22
88646,11:08:00,11:08:00,20638,23
88646,,,20717,24
88646,11:12:00,11:12:00,20639,25
88647,11:25:00,11:25:00,20625,1
88647,,,20822,2
88647,,,20626,3
88647,,,20817,4
88647,,,20627,5
88647,,,20628,6
88647,11:30:00,11:30:00,20629,7
88647,,,23415,8
88647,,,23416,9
88647,,,20818,10
88647,11:43:00,11:43:00,20631,11
88647,,,20617,12
88647,,,20658,13
88647,,,20657,14
88647,11:51:00,11:51:00,20633,15
88647,11:55:00,11:55:00,20634,16
88647,12:00:00,12:00:00,20635,17
88647,,,20636,18
88647,12:07:00,12:07:00,20618,19
88647,,,20619,20
88647,,,20622,21
88647,,,20620,22
88647,12:13:00,12:13:00,20638,23
88647,,,20717,24
88647,12:17:00,12:17:00,20639,25
88648,12:30:00,12:30:00,20625,1
88648,,,20822,2
88648,,,20626,3
88648,,,20817,4
88648,,,20627,5
88648,,,20628,6
88648,12:35:00,12:35:00,20629,7
88648,,,23415,8
88648,,,23416,9
88648,,,20818,10
88648,12:48:00,12:48:00,20631,11
88648,,,20617,12
88648,,,20658,13
88648,,,20657,14
88648,12:56:00,12:56:00,20633,15
88648,13:00:00,13:00:00,20634,16
88648,13:05:00,13:05:00,20635,17
88648,,,20636,18
88648,13:12:00,13:12:00,20618,19
88648,,,20619,20
88648,,,20622,21
88648,,,20620,22
88648,13:18:00,13:18:00,20638,23
88648,,,20717,24
88648,13:22:00,13:22:00,20639,25
88649,13:35:00,13:35:00,20625,1
88649,,,20822,2
88649,,,20626,3
88649,,,20817,4
88649,,,20627,5
88649,,,20628,6
88649,13:40:00,13:40:00,20629,7
88649,,,23415,8
88649,,,23416,9
88649,,,20818,10
88649,13:53:00,13:53:00,20631,11
88649,,,20617,12
88649,,,20658,13
88649,,,20657,14
88649,14:01:00,14:01:00,20633,15
88649,14:05:00,14:05:00,20634,16
88649,14:10:00,14:10:00,20635,17
88649,,,20636,18
88649,14:17:00,14:17:00,20618,19
88649,,,20619,20
88649,,,20622,21
88649,,,20620,22
88649,14:23:00,14:23:00,20638,23
88649,,,20717,24
88649,14:27:00,14:27:00,20639,25
88650,14:40:00,14:40:00,20625,1
88650,,,20822,2
88650,,,20626,3
88650,,,20817,4
88650,,,20627,5
88650,,,20628,6
88650,14:45:00,14:45:00,20629,7
88650,,,23415,8
88650,,,23416,9
88650,,,20818,10
88650,14:58:00,14:58:00,20631,11
88650,,,20617,12
88650,,,20658,13
88650,,,20657,14
88650,15:06:00,15:06:00,20633,15
88650,15:10:00,15:10:00,20634,16
88650,15:15:00,15:15:00,20635,17
88650,,,20636,18
88650,15:22:00,15:22:00,20618,19
88650,,,20619,20
88650,,,20622,21
88650,,,20620,22
88650,15:28:00,15:28:00,20638,23
88650,,,20717,24
88650,15:32:00,15:32:00,20639,25
88651,15:45:00,15:45:00,20625,1
88651,,,20822,2
88651,,,20626,3
88651,,,20817,4
88651,,,20627,5
88651,,,20628,6
88651,15:50:00,15:50:00,20629,7
88651,,,23415,8
88651,,,23416,9
88651,,,20818,10
88651,16:03:00,16:03:00,20631,11
88651,,,20617,12
88651,,,20658,13
88651,,,20657,14
88651,16:11:00,16:11:00,20633,15
88651,16:15:00,16:15:00,20634,16
88651,16:20:00,16:20:00,20635,17
88651,,,20636,18
88651,16:27:00,16:27:00,20618,19
88651,,,20619,20
88651,,,20622,21
88651,,,20620,22
88651,16:33:00,16:33:00,20638,23
88651,,,20717,24
88651,16:37:00,16:37:00,20639,25
88652,16:50:00,16:50:00,20625,1
88652,,,20822,2
88652,,,20626,3
88652,,,20817,4
88652,,,20627,5
88652,,,20628,6
88652,16:55:00,16:55:00,20629,7
88652,,,23415,8
88652,,,23416,9
88652,,,20818,10
88652,17:08:00,17:08:00,20631,11
88652,,,20617,12
88652,,,20658,13
88652,,,20657,14
88652,17:16:00,17:16:00,20633,15
88652,17:20:00,17:20:00,20634,16
88652,17:25:00,17:25:00,20635,17
88652,,,20636,18
88652,17:32:00,17:32:00,20618,19
88652,,,20619,20
88652,,,20622,21
88652,,,20620,22
88652,17:38:00,17:38:00,20638,23
88652,,,20717,24
88652,17:42:00,17:42:00,20639,25
88653,17:55:00,17:55:00,20625,1
88653,,,20822,2
88653,,,20626,3
88653,,,20817,4
88653,,,20627,5
88653,,,20628,6
88653,18:00:00,18:00:00,20629,7
88653,,,23415,8
88653,,,23416,9
88653,,,20818,10
88653,18:13:00,18:13:00,20631,11
88653,,,20617,12
88653,,,20658,13
88653,,,20657,14
88653,18:21:00,18:21:00,20633,15
88653,18:25:00,18:25:00,20634,16
88653,18:30:00,18:30:00,20635,17
88653,,,20636,18
88653,18:37:00,18:37:00,20618,19
88653,,,20619,20
88653,,,20622,21
88653,,,20620,22
88653,18:43:00,18:43:00,20638,23
88653,,,20717,24
88653,18:47:00,18:47:00,20639,25
88654,19:00:00,19:00:00,20625,1
88654,,,20822,2
88654,,,20626,3
88654,,,20817,4
88654,,,20627,5
88654,,,20628,6
88654,19:05:00,19:05:00,20629,7
88654,,,23415,8
88654,,,23416,9
88654,,,20818,10
88654,19:13:00,19:13:00,20631,11
88654,,,20617,12
88654,,,20658,13
88654,,,20657,14
88654,19:21:00,19:21:00,20633,15
88654,19:25:00,19:25:00,20634,16
88654,19:30:00,19:30:00,20635,17
88654,,,20636,18
88654,19:37:00,19:37:00,20618,19
88654,,,20619,20
88654,,,20622,21
88654,,,20620,22
88654,41:43:00,41:43:00,20638,23
88654,,,20717,24
88654,43:47:00,43:47:00,20639,25
88655,20:00:00,20:00:00,20625,1
88655,,,20822,2
88655,,,20626,3
88655,,,20817,4
88655,,,20627,5
88655,,,20628,6
88655,20:05:00,20:05:00,20629,7
88655,,,23415,8
88655,,,23416,9
88655,,,20818,10
88655,20:13:00,20:13:00,20631,11
88655,,,20617,12
88655,,,20658,13
88655,,,20657,14
88655,20:21:00,20:21:00,20633,15
88655,20:25:00,20:25:00,20634,16
88655,20:30:00,20:30:00,20635,17
88655,,,20636,18
88655,20:37:00,20:37:00,20618,19
88655,,,20619,20
88655,,,20622,21
88655,,,20620,22
88655,20:43:00,20:43:00,20638,23
88655,,,20717,24
88655,20:47:00,20:47:00,20639,25
88640,06:30:00,06:30:00,20625,1
88640,,,20822,2
88640,,,20626,3
88640,,,20817,4
88640,,,20627,5
88640,,,20628,6
88640,06:35:00,06:35:00,20629,7
88640,,,23415,8
88640,,,23416,9
88640,,,20818,10
88640,06:48:00,06:48:00,20631,11
88640,,,20617,12
88640,,,20658,13
88640,,,20657,14
88640,06:56:00,06:56:00,20633,15
88640,07:00:00,07:00:00,20634,16
88640,07:05:00,07:05:00,20635,17
88640,,,20636,18
88640,07:12:00,07:12:00,20618,19
88640,,,20619,20
88640,,,20622,21
88640,,,20620,22
88640,07:18:00,07:18:00,20638,23
88640,,,20717,24
88640,07:22:00,07:22:00,20639,25
88657,07:35:00,07:35:00,20625,1
88657,,,20822,2
88657,,,20626,3
88657,,,20817,4
88657,,,20627,5
88657,,,20628,6
88657,07:40:00,07:40:00,20629,7
88657,,,23415,8
88657,,,23416,9
88657,,,20818,10
88657,07:53:00,07:53:00,20631,11
88657,,,20617,12
88657,,,20658,13
88657,,,20657,14
88657,08:01:00,08:01:00,20633,15
88657,08:05:00,08:05:00,20634,16
88657,08:10:00,08:10:00,20635,17
88657,,,20636,18
88657,08:17:00,08:17:00,20618,19
88657,,,20619,20
88657,,,20622,21
88657,,,20620,22
88657,08:23:00,08:23:00,20638,23
88657,,,20717,24
88657,08:35:00,08:35:00,20639,25
88658,08:40:00,08:40:00,20625,1
88658,,,20822,2
88658,,,20626,3
88658,,,20817,4
88658,,,20627,5
88658,,,20628,6
88658,08:45:00,08:45:00,20629,7
88658,,,23415,8
88658,,,23416,9
88658,,,20818,10
88658,08:58:00,08:58:00,20631,11
88658,,,20617,12
88658,,,20658,13
88658,,,20657,14
88658,09:06:00,09:06:00,20633,15
88658,09:10:00,09:10:00,20634,16
88658,09:15:00,09:15:00,20635,17
88658,,,20636,18
88658,09:22:00,09:22:00,20618,19
88658,,,20619,20
88658,,,20622,21
88658,,,20620,22
88658,09:28:00,09:28:00,20638,23
88658,,,20717,24
88658,09:40:00,09:40:00,20639,25
88641,15:10:00,15:10:00,20625,1
88641,,,20822,2
88641,,,20626,3
88641,,,20817,4
88641,,,20627,5
88641,,,20628,6
88641,15:15:00,15:15:00,20629,7
88641,,,23415,8
88641,,,23416,9
88641,,,20818,10
88641,15:23:00,15:23:00,20631,11
88641,,,20617,12
88641,,,20658,13
88641,,,20657,14
88641,15:31:00,15:31:00,20633,15
88641,15:35:00,15:35:00,20634,16
88641,15:40:00,15:40:00,20635,17
88641,,,20636,18
88641,15:47:00,15:47:00,20618,19
88641,,,20619,20
88641,,,20622,21
88641,,,20620,22
88641,15:53:00,15:53:00,20638,23
88641,,,20717,24
88641,15:57:00,15:57:00,20639,25
88660,16:10:00,16:10:00,20625,1
88660,,,20822,2
88660,,,20626,3
88660,,,20817,4
88660,,,20627,5
88660,,,20628,6
88660,16:15:00,16:15:00,20629,7
88660,,,23415,8
88660,,,23416,9
88660,,,20818,10
88660,16:28:00,16:28:00,20631,11
88660,,,20617,12
88660,,,20658,13
88660,,,20657,14
88660,16:36:00,16:36:00,20633,15
88660,16:40:00,16:40:00,20634,16
88660,16:45:00,16:45:00,20635,17
88660,,,20636,18
88660,16:52:00,16:52:00,20618,19
88660,,,20619,20
88660,,,20622,21
88660,,,20620,22
88660,16:58:00,16:58:00,20638,23
88660,,,20717,24
88660,17:02:00,17:02:00,20639,25
88661,17:15:00,17:15:00,20625,1
88661,,,20822,2
88661,,,20626,3
88661,,,20817,4
88661,,,20627,5
88661,,,20628,6
88661,17:20:00,17:20:00,20629,7
88661,,,23415,8
88661,,,23416,9
88661,,,20818,10
88661,17:33:00,17:33:00,20631,11
88661,,,20617,12
88661,,,20658,13
88661,,,20657,14
88661,17:41:00,17:41:00,20633,15
88661,17:45:00,17:45:00,20634,16
88661,17:50:00,17:50:00,20635,17
88661,,,20636,18
88661,17:57:00,17:57:00,20618,19
88661,,,20619,20
88661,,,20622,21
88661,,,20620,22
88661,18:03:00,18:03:00,20638,23
88661,,,20717,24
88661,18:07:00,18:07:00,20639,25
88662,18:20:00,18:20:00,20625,1
88662,,,20822,2
88662,,,20626,3
88662,,,20817,4
88662,,,20627,5
88662,,,20628,6
88662,18:25:00,18:25:00,20629,7
88662,,,23415,8
88662,,,23416,9
88662,,,20818,10
88662,18:38:00,18:38:00,20631,11
88662,,,20617,12
88662,,,20658,13
88662,,,20657,14
88662,18:46:00,18:46:00,20633,15
88662,18:50:00,18:50:00,20634,16
88662,18:55:00,18:55:00,20635,17
88662,,,20636,18
88662,19:02:00,19:02:00,20618,19
88662,,,20619,20
88662,,,20622,21
88662,,,20620,22
88662,19:08:00,19:08:00,20638,23
88662,,,20717,24
88662,19:12:00,19:12:00,20639,25
88642,14:00:00,14:00:00,20625,1
88642,,,20822,2
88642,,,20626,3
88642,,,20817,4
88642,,,20627,5
88642,,,20628,6
88642,14:05:00,14:05:00,20629,7
88642,,,23415,8
88642,,,23416,9
88642,,,20818,10
88642,14:18:00,14:18:00,20631,11
88642,,,20617,12
88642,,,20658,13
88642,,,20657,14
88642,14:26:00,14:26:00,20633,15
88642,14:30:00,14:30:00,20634,16
88642,14:35:00,14:35:00,20635,17
88642,,,20636,18
88642,14:42:00,14:42:00,20618,19
88642,,,20619,20
88642,,,20622,21
88642,,,20620,22
88642,,,20638,23
88642,,,20717,24
88642,14:50:00,14:50:00,20639,25
88664,15:10:00,15:10:00,20625,1
88664,,,20822,2
88664,,,20626,3
88664,,,20817,4
88664,,,20627,5
88664,,,20628,6
88664,15:15:00,15:15:00,20629,7
88664,,,23415,8
88664,,,23416,9
88664,,,20818,10
88664,15:28:00,15:28:00,20631,11
88664,,,20617,12
88664,,,20658,13
88664,,,20657,14
88664,15:36:00,15:36:00,20633,15
88664,15:40:00,15:40:00,20634,16
88664,15:45:00,15:45:00,20635,17
88664,,,20636,18
88664,15:52:00,15:52:00,20618,19
88664,,,20619,20
88664,,,20622,21
88664,,,20620,22
88664,,,20638,23
88664,,,20717,24
88664,16:00:00,16:00:00,20639,25
88665,16:20:00,16:20:00,20625,1
88665,,,20822,2
88665,,,20626,3
88665,,,20817,4
88665,,,20627,5
88665,,,20628,6
88665,16:25:00,16:25:00,20629,7
88665,,,23415,8
88665,,,23416,9
88665,,,20818,10
88665,16:38:00,16:38:00,20631,11
88665,,,20617,12
88665,,,20658,13
88665,,,20657,14
88665,16:46:00,16:46:00,20633,15
88665,16:50:00,16:50:00,20634,16
88665,16:55:00,16:55:00,20635,17
88665,,,20636,18
88665,17:02:00,17:02:00,20618,19
88665,,,20619,20
88665,,,20622,21
88665,,,20620,22
88665,,,20638,23
88665,,,20717,24
88665,17:10:00,17:10:00,20639,25
88666,17:30:00,17:30:00,20625,1
88666,,,20822,2
88666,,,20626,3
88666,,,20817,4
88666,,,20627,5
88666,,,20628,6
88666,17:35:00,17:35:00,20629,7
88666,,,23415,8
88666,,,23416,9
88666,,,20818,10
88666,41:28:00,41:28:00,20631,11
88666,,,20617,12
88666,,,20658,13
88666,,,20657,14
88666,41:56:00,41:56:00,20633,15
88666,42:00:00,42:00:00,20634,16
88666,42:05:00,42:05:00,20635,17
88666,,,20636,18
88666,42:12:00,42:12:00,20618,19
88666,,,20619,20
88666,,,20622,21
88666,,,20620,22
88666,,,20638,23
88666,,,20717,24
88666,42:20:00,42:20:00,20639,25
88667,18:40:00,18:40:00,20625,1
88667,,,20822,2
88667,,,20626,3
88667,,,20817,4
88667,,,20627,5
88667,,,20628,6
88667,18:45:00,18:45:00,20629,7
88667,,,23415,8
88667,,,23416,9
88667,,,20818,10
88667,42:28:00,42:28:00,20631,11
88667,,,20617,12
88667,,,20658,13
88667,,,20657,14
88667,43:06:00,43:06:00,20633,15
88667,43:10:00,43:10:00,20634,16
88667,43:15:00,43:15:00,20635,17
88667,,,20636,18
88667,43:22:00,43:22:00,20618,19
88667,,,20619,20
88667,,,20622,21
88667,,,20620,22
88667,,,20638,23
88667,,,20717,24
88667,43:30:00,43:30:00,20639,25
88668,19:50:00,19:50:00,20625,1
88668,,,20822,2
88668,,,20626,3
88668,,,20817,4
88668,,,20627,5
88668,,,20628,6
88668,19:55:00,19:55:00,20629,7
88668,,,23415,8
88668,,,23416,9
88668,,,20818,10
88668,43:28:00,43:28:00,20631,11
88668,,,20617,12
88668,,,20658,13
88668,,,20657,14
88668,44:16:00,44:16:00,20633,15
88668,44:20:00,44:20:00,20634,16
88668,44:25:00,44:25:00,20635,17
88668,,,20636,18
88668,44:32:00,44:32:00,20618,19
88668,,,20619,20
88668,,,20622,21
88668,,,20620,22
88668,,,20638,23
88668,,,20717,24
88668,44:40:00,44:40:00,20639,25
87249,06:00:00,06:00:00,20678,1
87249,,,40898,2
87249,06:40:00,06:40:00,20653,3
87249,30:30:00,30:30:00,20651,4
87249,30:20:00,30:20:00,20649,5
87249,,,25419,6
87249,,,20645,7
87249,,,20646,8
87249,30:10:00,30:10:00,20647,9
87249,,,20648,10
87249,,,20699,11
87249,,,20650,12
87249,,,20652,13
87249,,,20698,14
87249,,,20654,15
87249,30:50:00,30:50:00,20655,16
87565,07:05:00,07:05:00,20678,1
87565,,,40898,2
87565,07:45:00,07:45:00,20653,3
87565,31:35:00,31:35:00,20651,4
87565,31:25:00,31:25:00,20649,5
87565,,,25419,6
87565,,,20645,7
87565,,,20646,8
87565,31:15:00,31:15:00,20647,9
87565,,,20648,10
87565,,,20699,11
87565,,,20650,12
87565,,,20652,13
87565,,,20698,14
87565,,,20654,15
87565,31:55:00,31:55:00,20655,16
87566,08:10:00,08:10:00,20678,1
87566,,,40898,2
87566,08:50:00,08:50:00,20653,3
87566,32:40:00,32:40:00,20651,4
87566,32:30:00,32:30:00,20649,5
87566,,,25419,6
87566,,,20645,7
87566,,,20646,8
87566,32:20:00,32:20:00,20647,9
87566,,,20648,10
87566,,,20699,11
87566,,,20650,12
87566,,,20652,13
87566,,,20698,14
87566,,,20654,15
87566,33:00:00,33:00:00,20655,16
87567,09:15:00,09:15:00,20678,1
87567,,,40898,2
87567,09:55:00,09:55:00,20653,3
87567,33:45:00,33:45:00,20651,4
87567,33:35:00,33:35:00,20649,5
87567,,,25419,6
87567,,,20645,7
87567,,,20646,8
87567,33:25:00,33:25:00,20647,9
87567,,,20648,10
87567,,,20699,11
87567,,,20650,12
87567,,,20652,13
87567,,,20698,14
87567,,,20654,15
87567,34:05:00,34:05:00,20655,16
87568,10:20:00,10:20:00,20678,1
87568,,,40898,2
87568,11:00:00,11:00:00,20653,3
87568,34:50:00,34:50:00,20651,4
87568,34:40:00,34:40:00,20649,5
87568,,,25419,6
87568,,,20645,7
87568,,,20646,8
87568,34:30:00,34:30:00,20647,9
87568,,,20648,10
87568,,,20699,11
87568,,,20650,12
87568,,,20652,13
87568,,,20698,14
87568,,,20654,15
87568,35:10:00,35:10:00,20655,16
87569,11:25:00,11:25:00,20678,1
87569,,,40898,2
87569,12:05:00,12:05:00,20653,3
87569,35:55:00,35:55:00,20651,4
87569,35:45:00,35:45:00,20649,5
87569,,,25419,6
87569,,,20645,7
87569,,,20646,8
87569,35:35:00,35:35:00,20647,9
87569,,,20648,10
87569,,,20699,11
87569,,,20650,12
87569,,,20652,13
87569,,,20698,14
87569,,,20654,15
87569,36:15:00,36:15:00,20655,16
87570,12:30:00,12:30:00,20678,1
87570,,,40898,2
87570,13:10:00,13:10:00,20653,3
87570,37:00:00,37:00:00,20651,4
87570,36:50:00,36:50:00,20649,5
87570,,,25419,6
87570,,,20645,7
87570,,,20646,8
87570,36:40:00,36:40:00,20647,9
87570,,,20648,10
87570,,,20699,11
87570,,,20650,12
87570,,,20652,13
87570,,,20698,14
87570,,,20654,15
87570,37:20:00,37:20:00,20655,16
87571,13:35:00,13:35:00,20678,1
87571,,,40898,2
87571,14:15:00,14:15:00,20653,3
87571,38:05:00,38:05:00,20651,4
87571,37:55:00,37:55:00,20649,5
87571,,,25419,6
87571,,,20645,7
87571,,,20646,8
87571,37:45:00,37:45:00,20647,9
87571,,,20648,10
87571,,,20699,11
87571,,,20650,12
87571,,,20652,13
87571,,,20698,14
87571,,,20654,15
87571,38:25:00,38:25:00,20655,16
87572,14:40:00,14:40:00,20678,1
87572,,,40898,2
87572,15:20:00,15:20:00,20653,3
87572,39:10:00,39:10:00,20651,4
87572,39:00:00,39:00:00,20649,5
87572,,,25419,6
87572,,,20645,7
87572,,,20646,8
87572,38:50:00,38:50:00,20647,9
87572,,,20648,10
87572,,,20699,11
87572,,,20650,12
87572,,,20652,13
87572,,,20698,14
87572,,,20654,15
87572,39:30:00,39:30:00,20655,16
87573,15:45:00,15:45:00,20678,1
87573,,,40898,2
87573,16:25:00,16:25:00,20653,3
87573,40:15:00,40:15:00,20651,4
87573,40:05:00,40:05:00,20649,5
87573,,,25419,6
87573,,,20645,7
87573,,,20646,8
87573,39:55:00,39:55:00,20647,9
87573,,,20648,10
87573,,,20699,11
87573,,,20650,12
87573,,,20652,13
87573,,,20698,14
87573,,,20654,15
87573,40:35:00,40:35:00,20655,16
87574,16:50:00,16:50:00,20678,1
87574,,,40898,2
87574,17:30:00,17:30:00,20653,3
87574,41:20:00,41:20:00,20651,4
87574,41:10:00,41:10:00,20649,5
87574,,,25419,6
87574,,,20645,7
87574,,,20646,8
87574,41:00:00,41:00:00,20647,9
87574,,,20648,10
87574,,,20699,11
87574,,,20650,12
87574,,,20652,13
87574,,,20698,14
87574,,,20654,15
87574,41:40:00,41:40:00,20655,16
87575,17:55:00,17:55:00,20678,1
87575,,,40898,2
87575,18:35:00,18:35:00,20653,3
87575,42:25:00,42:25:00,20651,4
87575,42:15:00,42:15:00,20649,5
87575,,,25419,6
87575,,,20645,7
87575,,,20646,8
87575,42:05:00,42:05:00,20647,9
87575,,,20648,10
87575,,,20699,11
87575,,,20650,12
87575,,,20652,13
87575,,,20698,14
87575,,,20654,15
87575,42:45:00,42:45:00,20655,16
87576,19:00:00,19:00:00,20678,1
87576,,,40898,2
87576,19:40:00,19:40:00,20653,3
87576,43:30:00,43:30:00,20651,4
87576,43:20:00,43:20:00,20649,5
87576,,,25419,6
87576,,,20645,7
87576,,,20646,8
87576,43:10:00,43:10:00,20647,9
87576,,,20648,10
87576,,,20699,11
87576,,,20650,12
87576,,,20652,13
87576,,,20698,14
87576,,,20654,15
87576,43:50:00,43:50:00,20655,16
87577,20:05:00,20:05:00,20678,1
87577,,,40898,2
87577,20:45:00,20:45:00,20653,3
87577,44:35:00,44:35:00,20651,4
87577,44:25:00,44:25:00,20649,5
87577,,,25419,6
87577,,,20645,7
87577,,,20646,8
87577,44:15:00,44:15:00,20647,9
87577,,,20648,10
87577,,,20699,11
87577,,,20650,12
87577,,,20652,13
87577,,,20698,14
87577,,,20654,15
87577,44:55:00,44:55:00,20655,16
87562,06:30:00,06:30:00,20678,1
87562,,,40898,2
87562,07:10:00,07:10:00,20653,3
87562,31:00:00,31:00:00,20651,4
87562,30:50:00,30:50:00,20649,5
87562,,,25419,6
87562,,,20645,7
87562,,,20646,8
87562,30:40:00,30:40:00,20647,9
87562,,,20648,10
87562,,,20699,11
87562,,,20650,12
87562,,,20652,13
87562,,,20698,14
87562,,,20654,15
87562,31:20:00,31:20:00,20655,16
87879,07:35:00,07:35:00,20678,1
87879,,,40898,2
87879,08:15:00,08:15:00,20653,3
87879,32:05:00,32:05:00,20651,4
87879,31:55:00,31:55:00,20649,5
87879,,,25419,6
87879,,,20645,7
87879,,,20646,8
87879,31:45:00,31:45:00,20647,9
87879,,,20648,10
87879,,,20699,11
87879,,,20650,12
87879,,,20652,13
87879,,,20698,14
87879,,,20654,15
87879,32:25:00,32:25:00,20655,16
87880,08:40:00,08:40:00,20678,1
87880,,,40898,2
87880,09:20:00,09:20:00,20653,3
87880,33:10:00,33:10:00,20651,4
87880,33:00:00,33:00:00,20649,5
87880,,,25419,6
87880,,,20645,7
87880,,,20646,8
87880,32:50:00,32:50:00,20647,9
87880,,,20648,10
87880,,,20699,11
87880,,,20650,12
87880,,,20652,13
87880,,,20698,14
87880,,,20654,15
87880,33:30:00,33:30:00,20655,16
87563,15:10:00,15:10:00,20678,1
87563,,,40898,2
87563,15:50:00,15:50:00,20653,3
87563,39:40:00,39:40:00,20651,4
87563,39:30:00,39:30:00,20649,5
87563,,,25419,6
87563,,,20645,7
87563,,,20646,8
87563,39:20:00,39:20:00,20647,9
87563,,,20648,10
87563,,,20699,11
87563,,,20650,12
87563,,,20652,13
87563,,,20698,14
87563,,,20654,15
87563,40:00:00,40:00:00,20655,16
87882,16:15:00,16:15:00,20678,1
87882,,,40898,2
87882,16:55:00,16:55:00,20653,3
87882,40:45:00,40:45:00,20651,4
87882,40:35:00,40:35:00,20649,5
87882,,,25419,6
87882,,,20645,7
87882,,,20646,8
87882,40:25:00,40:25:00,20647,9
87882,,,20648,10
87882,,,20699,11
87882,,,20650,12
87882,,,20652,13
87882,,,20698,14
87882,,,20654,15
87882,41:05:00,41:05:00,20655,16
87883,17:20:00,17:20:00,20678,1
87883,,,40898,2
87883,18:00:00,18:00:00,20653,3
87883,41:50:00,41:50:00,20651,4
87883,41:40:00,41:40:00,20649,5
87883,,,25419,6
87883,,,20645,7
87883,,,20646,8
87883,41:30:00,41:30:00,20647,9
87883,,,20648,10
87883,,,20699,11
87883,,,20650,12
87883,,,20652,13
87883,,,20698,14
87883,,,20654,15
87883,42:10:00,42:10:00,20655,16
87564,07:00:00,07:00:00,20678,1
87564,,,40898,2
87564,07:33:00,07:33:00,20653,3
87564,31:25:00,31:25:00,20651,4
87564,31:17:00,31:17:00,20649,5
87564,,,25419,6
87564,,,20645,7
87564,,,20646,8
87564,31:08:00,31:08:00,20647,9
87564,,,20648,10
87564,,,20699,11
87564,,,20650,12
87564,,,20652,13
87564,,,20698,14
87564,,,20654,15
87564,31:42:00,31:42:00,20655,16
87885,08:00:00,08:00:00,20678,1
87885,,,40898,2
87885,08:33:00,08:33:00,20653,3
87885,32:25:00,32:25:00,20651,4
87885,32:17:00,32:17:00,20649,5
87885,,,25419,6
87885,,,20645,7
87885,,,20646,8
87885,32:08:00,32:08:00,20647,9
87885,,,20648,10
87885,,,20699,11
87885,,,20650,12
87885,,,20652,13
87885,,,20698,14
87885,,,20654,15
87885,32:42:00,32:42:00,20655,16
87886,09:00:00,09:00:00,20678,1
87886,,,40898,2
87886,09:33:00,09:33:00,20653,3
87886,33:25:00,33:25:00,20651,4
87886,33:17:00,33:17:00,20649,5
87886,,,25419,6
87886,,,20645,7
87886,,,20646,8
87886,33:08:00,33:08:00,20647,9
87886,,,20648,10
87886,,,20699,11
87886,,,20650,12
87886,,,20652,13
87886,,,20698,14
87886,,,20654,15
87886,33:42:00,33:42:00,20655,16
87887,10:00:00,10:00:00,20678,1
87887,,,40898,2
87887,10:33:00,10:33:00,20653,3
87887,34:25:00,34:25:00,20651,4
87887,34:17:00,34:17:00,20649,5
87887,,,25419,6
87887,,,20645,7
87887,,,20646,8
87887,34:08:00,34:08:00,20647,9
87887,,,20648,10
87887,,,20699,11
87887,,,20650,12
87887,,,20652,13
87887,,,20698,14
87887,,,20654,15
87887,34:42:00,34:42:00,20655,16
87888,11:00:00,11:00:00,20678,1
87888,,,40898,2
87888,11:33:00,11:33:00,20653,3
87888,35:25:00,35:25:00,20651,4
87888,35:17:00,35:17:00,20649,5
87888,,,25419,6
87888,,,20645,7
87888,,,20646,8
87888,35:08:00,35:08:00,20647,9
87888,,,20648,10
87888,,,20699,11
87888,,,20650,12
87888,,,20652,13
87888,,,20698,14
87888,,,20654,15
87888,35:42:00,35:42:00,20655,16
87889,12:00:00,12:00:00,20678,1
87889,,,40898,2
87889,12:33:00,12:33:00,20653,3
87889,36:25:00,36:25:00,20651,4
87889,36:17:00,36:17:00,20649,5
87889,,,25419,6
87889,,,20645,7
87889,,,20646,8
87889,36:08:00,36:08:00,20647,9
87889,,,20648,10
87889,,,20699,11
87889,,,20650,12
87889,,,20652,13
87889,,,20698,14
87889,,,20654,15
87889,36:42:00,36:42:00,20655,16
87890,13:00:00,13:00:00,20678,1
87890,,,40898,2
87890,13:33:00,13:33:00,20653,3
87890,37:25:00,37:25:00,20651,4
87890,37:17:00,37:17:00,20649,5
87890,,,25419,6
87890,,,20645,7
87890,,,20646,8
87890,37:08:00,37:08:00,20647,9
87890,,,20648,10
87890,,,20699,11
87890,,,20650,12
87890,,,20652,13
87890,,,20698,14
87890,,,20654,15
87890,37:42:00,37:42:00,20655,16
87891,14:00:00,14:00:00,20678,1
87891,,,40898,2
87891,14:33:00,14:33:00,20653,3
87891,38:25:00,38:25:00,20651,4
87891,38:17:00,38:17:00,20649,5
87891,,,25419,6
87891,,,20645,7
87891,,,20646,8
87891,38:08:00,38:08:00,20647,9
87891,,,20648,10
87891,,,20699,11
87891,,,20650,12
87891,,,20652,13
87891,,,20698,14
87891,,,20654,15
87891,38:42:00,38:42:00,20655,16
87892,15:00:00,15:00:00,20678,1
87892,,,40898,2
87892,15:33:00,15:33:00,20653,3
87892,39:25:00,39:25:00,20651,4
87892,39:17:00,39:17:00,20649,5
87892,,,25419,6
87892,,,20645,7
87892,,,20646,8
87892,39:08:00,39:08:00,20647,9
87892,,,20648,10
87892,,,20699,11
87892,,,20650,12
87892,,,20652,13
87892,,,20698,14
87892,,,20654,15
87892,39:42:00,39:42:00,20655,16
87893,16:00:00,16:00:00,20678,1
87893,,,40898,2
87893,16:33:00,16:33:00,20653,3
87893,40:25:00,40:25:00,20651,4
87893,40:17:00,40:17:00,20649,5
87893,,,25419,6
87893,,,20645,7
87893,,,20646,8
87893,40:08:00,40:08:00,20647,9
87893,,,20648,10
87893,,,20699,11
87893,,,20650,12
87893,,,20652,13
87893,,,20698,14
87893,,,20654,15
87893,40:42:00,40:42:00,20655,16
87894,17:00:00,17:00:00,20678,1
87894,,,40898,2
87894,17:33:00,17:33:00,20653,3
87894,41:25:00,41:25:00,20651,4
87894,41:17:00,41:17:00,20649,5
87894,,,25419,6
87894,,,20645,7
87894,,,20646,8
87894,41:08:00,41:08:00,20647,9
87894,,,20648,10
87894,,,20699,11
87894,,,20650,12
87894,,,20652,13
87894,,,20698,14
87894,,,20654,15
87894,41:42:00,41:42:00,20655,16
87895,18:00:00,18:00:00,20678,1
87895,,,40898,2
87895,18:33:00,18:33:00,20653,3
87895,42:25:00,42:25:00,20651,4
87895,42:17:00,42:17:00,20649,5
87895,,,25419,6
87895,,,20645,7
87895,,,20646,8
87895,42:08:00,42:08:00,20647,9
87895,,,20648,10
87895,,,20699,11
87895,,,20650,12
87895,,,20652,13
87895,,,20698,14
87895,,,20654,15
87895,42:42:00,42:42:00,20655,16
87896,19:00:00,19:00:00,20678,1
87896,,,40898,2
87896,19:33:00,19:33:00,20653,3
87896,43:25:00,43:25:00,20651,4
87896,43:17:00,43:17:00,20649,5
87896,,,25419,6
87896,,,20645,7
87896,,,20646,8
87896,43:08:00,43:08:00,20647,9
87896,,,20648,10
87896,,,20699,11
87896,,,20650,12
87896,,,20652,13
87896,,,20698,14
87896,,,20654,15
87896,43:42:00,43:42:00,20655,16
87897,20:00:00,20:00:00,20678,1
87897,,,40898,2
87897,20:33:00,20:33:00,20653,3
87897,44:25:00,44:25:00,20651,4
87897,44:17:00,44:17:00,20649,5
87897,,,25419,6
87897,,,20645,7
87897,,,20646,8
87897,44:08:00,44:08:00,20647,9
87897,,,20648,10
87897,,,20699,11
87897,,,20650,12
87897,,,20652,13
87897,,,20698,14
87897,,,20654,15
87897,44:42:00,44:42:00,20655,16
87250,06:00:00,06:00:00,20633,1
87250,,,20657,2
87250,,,20658,3
87250,,,20659,4
87250,,,20616,5
87250,06:08:00,06:08:00,20660,6
87250,,,20661,7
87250,06:13:00,06:13:00,20724,8
87250,,,20725,9
87250,06:17:00,06:17:00,20625,10
87250,,,20726,11
87250,,,20663,12
87250,,,20664,13
87250,,,20665,14
87250,,,20666,15
87250,06:27:00,06:27:00,20667,16
87250,,,20668,17
87250,,,20701,18
87250,,,20670,19
87250,06:31:00,06:31:00,20671,20
87250,,,20672,21
87250,,,20673,22
87250,,,20674,23
87250,06:38:00,06:38:00,20656,24
87250,06:48:00,06:48:00,20676,25
87250,,,20677,26
87250,06:57:00,06:57:00,20656,27
87250,,,20680,28
87250,,,20681,29
87250,,,20682,30
87250,07:02:00,07:02:00,20729,31
87250,07:06:00,07:06:00,23417,32
87250,,,20728,33
87250,,,20684,34
87250,,,20683,35
87250,,,20685,36
87250,07:16:00,07:16:00,20643,37
87250,,,20625,38
87250,07:20:00,07:20:00,20626,39
87250,,,20662,40
87250,07:25:00,07:25:00,20686,41
87988,07:40:00,07:40:00,20633,1
87988,,,20657,2
87988,,,20658,3
87988,,,20659,4
87988,,,20616,5
87988,07:48:00,07:48:00,20660,6
87988,,,20661,7
87988,07:53:00,07:53:00,20724,8
87988,,,20725,9
87988,07:57:00,07:57:00,20625,10
87988,,,20726,11
87988,,,20663,12
87988,,,20664,13
87988,,,20665,14
87988,,,20666,15
87988,08:07:00,08:07:00,20667,16
87988,,,20668,17
87988,,,20701,18
87988,,,20670,19
87988,08:11:00,08:11:00,20671,20
87988,,,20672,21
87988,,,20673,22
87988,,,20674,23
87988,08:18:00,08:18:00,20656,24
87988,08:28:00,08:28:00,20676,25
87988,,,20677,26
87988,08:37:00,08:37:00,20656,27
87988,,,20680,28
87988,,,20681,29
87988,,,20682,30
87988,08:42:00,08:42:00,20729,31
87988,08:46:00,08:46:00,23417,32
87988,,,20728,33
87988,,,20684,34
87988,,,20683,35
87988,,,20685,36
87988,08:56:00,08:56:00,20643,37
87988,,,20625,38
87988,09:00:00,09:00:00,20626,39
87988,,,20662,40
87988,09:05:00,09:05:00,20686,41
87989,09:22:00,09:22:00,20633,1
87989,,,20657,2
87989,,,20658,3
87989,,,20659,4
87989,,,20616,5
87989,09:30:00,09:30:00,20660,6
87989,,,20661,7
87989,09:35:00,09:35:00,20724,8
87989,,,20725,9
87989,09:39:00,09:39:00,20625,10
87989,,,20726,11
87989,,,20663,12
87989,,,20664,13
87989,,,20665,14
87989,,,20666,15
87989,09:49:00,09:49:00,20667,16
87989,,,20668,17
87989,,,20701,18
87989,,,20670,19
87989,09:53:00,09:53:00,20671,20
87989,,,20672,21
87989,,,20673,22
87989,,,20674,23
87989,10:00:00,10:00:00,20656,24
87989,10:10:00,10:10:00,20676,25
87989,,,20677,26
87989,10:19:00,10:19:00,20656,27
87989,,,20680,28
87989,,,20681,29
87989,,,20682,30
87989,10:24:00,10:24:00,20729,31
87989,10:28:00,10:28:00,23417,32
87989,,,20728,33
87989,,,20684,34
87989,,,20683,35
87989,,,20685,36
87989,10:38:00,10:38:00,20643,37
87989,,,20625,38
87989,10:42:00,10:42:00,20626,39
87989,,,20662,40
87989,10:47:00,10:47:00,20686,41
87990,11:04:00,11:04:00,20633,1
87990,,,20657,2
87990,,,20658,3
87990,,,20659,4
87990,,,20616,5
87990,11:12:00,11:12:00,20660,6
87990,,,20661,7
87990,11:17:00,11:17:00,20724,8
87990,,,20725,9
87990,11:21:00,11:21:00,20625,10
87990,,,20726,11
87990,,,20663,12
87990,,,20664,13
87990,,,20665,14
87990,,,20666,15
87990,11:31:00,11:31:00,20667,16
87990,,,20668,17
87990,,,20701,18
87990,,,20670,19
87990,11:36:00,11:36:00,20671,20
87990,,,20672,21
87990,,,20673,22
87990,,,20674,23
87990,11:42:00,11:42:00,20656,24
87990,11:52:00,11:52:00,20676,25
87990,,,20677,26
87990,12:01:00,12:01:00,20656,27
87990,,,20680,28
87990,,,20681,29
87990,,,20682,30
87990,12:06:00,12:06:00,20729,31
87990,12:10:00,12:10:00,23417,32
87990,,,20728,33
87990,,,20684,34
87990,,,20683,35
87990,,,20685,36
87990,12:20:00,12:20:00,20643,37
87990,,,20625,38
87990,12:24:00,12:24:00,20626,39
87990,,,20662,40
87990,12:29:00,12:29:00,20686,41
105914,12:46:00,12:46:00,20633,1
105914,,,20657,2
105914,,,20658,3
105914,,,20659,4
105914,,,20616,5
105914,12:54:00,12:54:00,20660,6
105914,,,20661,7
105914,12:59:00,12:59:00,20724,8
105914,,,20725,9
105914,13:03:00,13:03:00,20625,10
105914,,,20726,11
105914,,,20663,12
105914,,,20664,13
105914,,,20665,14
105914,,,20666,15
105914,13:13:00,13:13:00,20667,16
105914,,,20668,17
105914,,,20701,18
105914,,,20670,19
105914,13:17:00,13:17:00,20671,20
105914,,,20672,21
105914,,,20673,22
105914,,,20674,23
105914,13:24:00,13:24:00,20656,24
105914,13:34:00,13:34:00,20676,25
105914,,,20677,26
105914,13:43:00,13:43:00,20656,27
105914,,,20680,28
105914,,,20681,29
105914,,,20682,30
105914,13:48:00,13:48:00,20729,31
105914,13:52:00,13:52:00,23417,32
105914,,,20728,33
105914,,,20684,34
105914,,,20683,35
105914,,,20685,36
105914,14:02:00,14:02:00,20643,37
88005,06:30:00,06:30:00,20633,1
88005,,,20657,2
88005,,,20658,3
88005,,,20659,4
88005,,,20616,5
88005,06:38:00,06:38:00,20660,6
88005,,,20661,7
88005,06:43:00,06:43:00,20724,8
88005,,,20725,9
88005,06:47:00,06:47:00,20625,10
88005,,,20726,11
88005,,,20663,12
88005,,,20664,13
88005,,,20665,14
88005,,,20666,15
88005,06:57:00,06:57:00,20667,16
88005,,,20668,17
88005,,,20701,18
88005,,,20670,19
88005,07:01:00,07:01:00,20671,20
88005,,,20672,21
88005,,,20673,22
88005,,,20674,23
88005,07:08:00,07:08:00,20656,24
88005,07:18:00,07:18:00,20676,25
88005,,,20677,26
88005,07:27:00,07:27:00,20656,27
88005,,,20680,28
88005,,,20681,29
88005,,,20682,30
88005,07:32:00,07:32:00,20729,31
88005,,,23417,32
88005,07:36:00,07:36:00,20728,33
88005,,,20684,34
88005,,,20683,35
88005,,,20685,36
88005,,,20643,37
88005,07:46:00,07:46:00,20625,38
88005,,,20626,39
88005,07:50:00,07:50:00,20662,40
88005,,,20686,41
88005,07:55:00,07:55:00,20723,42
88006,08:10:00,08:10:00,20633,1
88006,,,20657,2
88006,,,20658,3
88006,,,20659,4
88006,,,20616,5
88006,08:18:00,08:18:00,20660,6
88006,,,20661,7
88006,08:23:00,08:23:00,20724,8
88006,,,20725,9
88006,08:27:00,08:27:00,20625,10
88006,,,20726,11
88006,,,20663,12
88006,,,20664,13
88006,,,20665,14
88006,,,20666,15
88006,08:37:00,08:37:00,20667,16
88006,,,20668,17
88006,,,20701,18
88006,,,20670,19
88006,08:41:00,08:41:00,20671,20
88006,,,20672,21
88006,,,20673,22
88006,,,20674,23
88006,08:48:00,08:48:00,20656,24
88006,08:58:00,08:58:00,20676,25
88006,,,20677,26
88006,09:07:00,09:07:00,20656,27
88006,,,20680,28
88006,,,20681,29
88006,,,20682,30
88006,09:12:00,09:12:00,20729,31
88006,,,23417,32
88006,09:16:00,09:16:00,20728,33
88006,,,20684,34
88006,,,20683,35
88006,,,20685,36
88006,,,20643,37
88006,09:26:00,09:26:00,20625,38
88006,,,20626,39
88006,09:30:00,09:30:00,20662,40
88006,,,20686,41
88006,09:35:00,09:35:00,20723,42
88007,09:52:00,09:52:00,20633,1
88007,,,20657,2
88007,,,20658,3
88007,,,20659,4
88007,,,20616,5
88007,10:00:00,10:00:00,20660,6
88007,,,20661,7
88007,10:05:00,10:05:00,20724,8
88007,,,20725,9
88007,10:09:00,10:09:00,20625,10
88007,,,20726,11
88007,,,20663,12
88007,,,20664,13
88007,,,20665,14
88007,,,20666,15
88007,10:19:00,10:19:00,20667,16
88007,,,20668,17
88007,,,20701,18
88007,,,20670,19
88007,10:23:00,10:23:00,20671,20
88007,,,20672,21
88007,,,20673,22
88007,,,20674,23
88007,10:30:00,10:30:00,20656,24
88007,10:40:00,10:40:00,20676,25
88007,,,20677,26
88007,10:49:00,10:49:00,20656,27
88007,,,20680,28
88007,,,20681,29
88007,,,20682,30
88007,10:54:00,10:54:00,20729,31
88007,,,23417,32
88007,10:58:00,10:58:00,20728,33
88007,,,20684,34
88007,,,20683,35
88007,,,20685,36
88007,,,20643,37
88007,11:08:00,11:08:00,20625,38
88007,,,20626,39
88007,11:12:00,11:12:00,20662,40
88007,,,20686,41
88007,11:17:00,11:17:00,20723,42
88009,15:00:00,15:00:00,20633,1
88009,,,20657,2
88009,,,20658,3
88009,,,20659,4
88009,,,20616,5
88009,15:08:00,15:08:00,20660,6
88009,,,20661,7
88009,15:13:00,15:13:00,20724,8
88009,,,20725,9
88009,15:17:00,15:17:00,20625,10
88009,,,20726,11
88009,,,20663,12
88009,,,20664,13
88009,,,20665,14
88009,,,20666,15
88009,15:27:00,15:27:00,20667,16
88009,,,20668,17
88009,,,20701,18
88009,,,20670,19
88009,15:31:00,15:31:00,20671,20
88009,,,20672,21
88009,,,20673,22
88009,,,20674,23
88009,15:38:00,15:38:00,20656,24
88009,15:48:00,15:48:00,20676,25
88009,,,20677,26
88009,15:57:00,15:57:00,20656,27
88009,,,20680,28
88009,,,20681,29
88009,,,20682,30
88009,16:02:00,16:02:00,20729,31
88009,16:06:00,16:06:00,23417,32
88009,,,20728,33
88009,,,20684,34
88009,,,20683,35
88009,,,20685,36
88009,,,20643,37
88009,16:16:00,16:16:00,20625,38
88009,,,20626,39
88009,16:20:00,16:20:00,20662,40
88009,,,20686,41
88009,16:25:00,16:25:00,20723,42
88010,16:40:00,16:40:00,20633,1
88010,,,20657,2
88010,,,20658,3
88010,,,20659,4
88010,,,20616,5
88010,16:48:00,16:48:00,20660,6
88010,,,20661,7
88010,16:53:00,16:53:00,20724,8
88010,,,20725,9
88010,16:57:00,16:57:00,20625,10
88010,,,20726,11
88010,,,20663,12
88010,,,20664,13
88010,,,20665,14
88010,,,20666,15
88010,17:07:00,17:07:00,20667,16
88010,,,20668,17
88010,,,20701,18
88010,,,20670,19
88010,17:11:00,17:11:00,20671,20
88010,,,20672,21
88010,,,20673,22
88010,,,20674,23
88010,17:18:00,17:18:00,20656,24
88010,17:28:00,17:28:00,20676,25
88010,,,20677,26
88010,17:37:00,17:37:00,20656,27
88010,,,20680,28
88010,,,20681,29
88010,,,20682,30
88010,17:42:00,17:42:00,20729,31
88010,17:46:00,17:46:00,23417,32
88010,,,20728,33
88010,,,20684,34
88010,,,20683,35
88010,,,20685,36
88010,,,20643,37
88010,17:56:00,17:56:00,20625,38
88010,,,20626,39
88010,18:00:00,18:00:00,20662,40
88010,,,20686,41
88010,18:05:00,18:05:00,20723,42
88011,18:22:00,18:22:00,20633,1
88011,,,20657,2
88011,,,20658,3
88011,,,20659,4
88011,,,20616,5
88011,18:30:00,18:30:00,20660,6
88011,,,20661,7
88011,18:35:00,18:35:00,20724,8
88011,,,20725,9
88011,18:39:00,18:39:00,20625,10
88011,,,20726,11
88011,,,20663,12
88011,,,20664,13
88011,,,20665,14
88011,,,20666,15
88011,18:49:00,18:49:00,20667,16
88011,,,20668,17
88011,,,20701,18
88011,,,20670,19
88011,18:53:00,18:53:00,20671,20
88011,,,20672,21
88011,,,20673,22
88011,,,20674,23
88011,19:00:00,19:00:00,20656,24
88011,19:10:00,19:10:00,20676,25
88011,,,20677,26
88011,19:19:00,19:19:00,20656,27
88011,,,20680,28
88011,,,20681,29
88011,,,20682,30
88011,19:24:00,19:24:00,20729,31
88011,19:28:00,19:28:00,23417,32
88011,,,20728,33
88011,,,20684,34
88011,,,20683,35
88011,,,20685,36
88011,,,20643,37
88011,19:38:00,19:38:00,20625,38
88011,,,20626,39
88011,19:42:00,19:42:00,20662,40
88011,,,20686,41
88011,19:47:00,19:47:00,20723,42
88014,07:00:00,07:00:00,20633,1
88014,,,20657,2
88014,,,20658,3
88014,,,20659,4
88014,,,20616,5
88014,07:03:00,07:03:00,20660,6
88014,,,20661,7
88014,07:08:00,07:08:00,20724,8
88014,,,20725,9
88014,07:12:00,07:12:00,20625,10
88014,,,20726,11
88014,,,20663,12
88014,,,20664,13
88014,,,20665,14
88014,,,20666,15
88014,07:22:00,07:22:00,20667,16
88014,,,20668,17
88014,,,20701,18
88014,,,20670,19
88014,07:26:00,07:26:00,20671,20
88014,,,20672,21
88014,,,20673,22
88014,,,20674,23
88014,07:33:00,07:33:00,20656,24
88014,07:43:00,07:43:00,20676,25
88014,,,20677,26
88014,07:52:00,07:52:00,20656,27
88014,,,20680,28
88014,,,20681,29
88014,,,20682,30
88014,07:57:00,07:57:00,20729,31
88014,,,23417,32
88014,,,20728,33
88014,,,20684,34
88014,,,20683,35
88014,,,20685,36
88014,,,20643,37
88014,08:11:00,08:11:00,20625,38
88014,,,20626,39
88014,08:15:00,08:15:00,20662,40
88014,,,20686,41
88014,08:20:00,08:20:00,20723,42
88159,08:36:00,08:36:00,20633,1
88159,,,20657,2
88159,,,20658,3
88159,,,20659,4
88159,,,20616,5
88159,08:44:00,08:44:00,20660,6
88159,,,20661,7
88159,08:49:00,08:49:00,20724,8
88159,,,20725,9
88159,08:53:00,08:53:00,20625,10
88159,,,20726,11
88159,,,20663,12
88159,,,20664,13
88159,,,20665,14
88159,,,20666,15
88159,09:03:00,09:03:00,20667,16
88159,,,20668,17
88159,,,20701,18
88159,,,20670,19
88159,09:07:00,09:07:00,20671,20
88159,,,20672,21
88159,,,20673,22
88159,,,20674,23
88159,09:14:00,09:14:00,20656,24
88159,09:24:00,09:24:00,20676,25
88159,,,20677,26
88159,09:33:00,09:33:00,20656,27
88159,,,20680,28
88159,,,20681,29
88159,,,20682,30
88159,09:38:00,09:38:00,20729,31
88159,,,23417,32
88159,,,20728,33
88159,,,20684,34
88159,,,20683,35
88159,,,20685,36
88159,,,20643,37
88159,09:52:00,09:52:00,20625,38
88159,,,20626,39
88159,09:56:00,09:56:00,20662,40
88159,,,20686,41
88159,10:01:00,10:01:00,20723,42
88160,10:18:00,10:18:00,20633,1
88160,,,20657,2
88160,,,20658,3
88160,,,20659,4
88160,,,20616,5
88160,10:26:00,10:26:00,20660,6
88160,,,20661,7
88160,10:31:00,10:31:00,20724,8
88160,,,20725,9
88160,10:35:00,10:35:00,20625,10
88160,,,20726,11
88160,,,20663,12
88160,,,20664,13
88160,,,20665,14
88160,,,20666,15
88160,10:45:00,10:45:00,20667,16
88160,,,20668,17
88160,,,20701,18
88160,,,20670,19
88160,10:49:00,10:49:00,20671,20
88160,,,20672,21
88160,,,20673,22
88160,,,20674,23
88160,10:56:00,10:56:00,20656,24
88160,11:06:00,11:06:00,20676,25
88160,,,20677,26
88160,11:15:00,11:15:00,20656,27
88160,,,20680,28
88160,,,20681,29
88160,,,20682,30
88160,11:20:00,11:20:00,20729,31
88160,,,23417,32
88160,,,20728,33
88160,,,20684,34
88160,,,20683,35
88160,,,20685,36
88160,,,20643,37
88160,11:34:00,11:34:00,20625,38
88160,,,20626,39
88160,11:38:00,11:38:00,20662,40
88160,,,20686,41
88160,11:43:00,11:43:00,20723,42
88161,12:00:00,12:00:00,20633,1
88161,,,20657,2
88161,,,20658,3
88161,,,20659,4
88161,,,20616,5
88161,12:08:00,12:08:00,20660,6
88161,,,20661,7
88161,12:13:00,12:13:00,20724,8
88161,,,20725,9
88161,12:17:00,12:17:00,20625,10
88161,,,20726,11
88161,,,20663,12
88161,,,20664,13
88161,,,20665,14
88161,,,20666,15
88161,12:27:00,12:27:00,20667,16
88161,,,20668,17
88161,,,20701,18
88161,,,20670,19
88161,12:31:00,12:31:00,20671,20
88161,,,20672,21
88161,,,20673,22
88161,,,20674,23
88161,12:38:00,12:38:00,20656,24
88161,12:48:00,12:48:00,20676,25
88161,,,20677,26
88161,12:57:00,12:57:00,20656,27
88161,,,20680,28
88161,,,20681,29
88161,,,20682,30
88161,13:02:00,13:02:00,20729,31
88161,,,23417,32
88161,,,20728,33
88161,,,20684,34
88161,,,20683,35
88161,,,20685,36
88161,,,20643,37
88161,13:16:00,13:16:00,20625,38
88161,,,20626,39
88161,13:20:00,13:20:00,20662,40
88161,,,20686,41
88161,13:25:00,13:25:00,20723,42
88162,13:40:00,13:40:00,20633,1
88162,,,20657,2
88162,,,20658,3
88162,,,20659,4
88162,,,20616,5
88162,13:48:00,13:48:00,20660,6
88162,,,20661,7
88162,13:53:00,13:53:00,20724,8
88162,,,20725,9
88162,13:57:00,13:57:00,20625,10
88162,,,20726,11
88162,,,20663,12
88162,,,20664,13
88162,,,20665,14
88162,,,20666,15
88162,14:07:00,14:07:00,20667,16
88162,,,20668,17
88162,,,20701,18
88162,,,20670,19
88162,14:11:00,14:11:00,20671,20
88162,,,20672,21
88162,,,20673,22
88162,,,20674,23
88162,14:18:00,14:18:00,20656,24
88162,14:28:00,14:28:00,20676,25
88162,,,20677,26
88162,14:37:00,14:37:00,20656,27
88162,,,20680,28
88162,,,20681,29
88162,,,20682,30
88162,14:42:00,14:42:00,20729,31
88162,,,23417,32
88162,,,20728,33
88162,,,20684,34
88162,,,20683,35
88162,,,20685,36
88162,,,20643,37
88162,14:56:00,14:56:00,20625,38
88162,,,20626,39
88162,15:00:00,15:00:00,20662,40
88162,,,20686,41
88162,15:05:00,15:05:00,20723,42
88163,15:22:00,15:22:00,20633,1
88163,,,20657,2
88163,,,20658,3
88163,,,20659,4
88163,,,20616,5
88163,15:30:00,15:30:00,20660,6
88163,,,20661,7
88163,15:35:00,15:35:00,20724,8
88163,,,20725,9
88163,15:39:00,15:39:00,20625,10
88163,,,20726,11
88163,,,20663,12
88163,,,20664,13
88163,,,20665,14
88163,,,20666,15
88163,15:49:00,15:49:00,20667,16
88163,,,20668,17
88163,,,20701,18
88163,,,20670,19
88163,15:53:00,15:53:00,20671,20
88163,,,20672,21
88163,,,20673,22
88163,,,20674,23
88163,16:00:00,16:00:00,20656,24
88163,16:10:00,16:10:00,20676,25
88163,,,20677,26
88163,16:19:00,16:19:00,20656,27
88163,,,20680,28
88163,,,20681,29
88163,,,20682,30
88163,16:24:00,16:24:00,20729,31
88163,,,23417,32
88163,,,20728,33
88163,,,20684,34
88163,,,20683,35
88163,,,20685,36
88163,,,20643,37
88163,16:38:00,16:38:00,20625,38
88163,,,20626,39
88163,16:42:00,16:42:00,20662,40
88163,,,20686,41
88163,16:47:00,16:47:00,20723,42
88164,17:04:00,17:04:00,20633,1
88164,,,20657,2
88164,,,20658,3
88164,,,20659,4
88164,,,20616,5
88164,17:12:00,17:12:00,20660,6
88164,,,20661,7
88164,17:17:00,17:17:00,20724,8
88164,,,20725,9
88164,17:21:00,17:21:00,20625,10
88164,,,20726,11
88164,,,20663,12
88164,,,20664,13
88164,,,20665,14
88164,,,20666,15
88164,17:31:00,17:31:00,20667,16
88164,,,20668,17
88164,,,20701,18
88164,,,20670,19
88164,17:36:00,17:36:00,20671,20
88164,,,20672,21
88164,,,20673,22
88164,,,20674,23
88164,17:42:00,17:42:00,20656,24
88164,17:52:00,17:52:00,20676,25
88164,,,20677,26
88164,18:01:00,18:01:00,20656,27
88164,,,20680,28
88164,,,20681,29
88164,,,20682,30
88164,18:16:00,18:16:00,20729,31
88164,,,23417,32
88164,,,20728,33
88164,,,20684,34
88164,,,20683,35
88164,,,20685,36
88164,,,20643,37
88164,18:30:00,18:30:00,20625,38
88164,,,20626,39
88164,18:34:00,18:34:00,20662,40
88164,,,20686,41
88164,18:39:00,18:39:00,20723,42
93562,18:46:00,18:46:00,20633,1
93562,,,20657,2
93562,,,20658,3
93562,,,20659,4
93562,,,20616,5
93562,18:54:00,18:54:00,20660,6
93562,,,20661,7
93562,18:59:00,18:59:00,20724,8
93562,,,20725,9
93562,19:03:00,19:03:00,20625,10
93562,,,20726,11
93562,,,20663,12
93562,,,20664,13
93562,,,20665,14
93562,,,20666,15
93562,19:13:00,19:13:00,20667,16
93562,,,20668,17
93562,,,20701,18
93562,,,20670,19
93562,19:17:00,19:17:00,20671,20
93562,,,20672,21
93562,,,20673,22
93562,,,20674,23
93562,19:24:00,19:24:00,20656,24
93562,19:34:00,19:34:00,20676,25
93562,,,20677,26
93562,19:43:00,19:43:00,20656,27
93562,,,20680,28
93562,,,20681,29
93562,,,20682,30
93562,19:48:00,19:48:00,20729,31
93562,,,23417,32
93562,,,20728,33
93562,,,20684,34
93562,,,20683,35
93562,,,20685,36
93562,,,20643,37
93562,20:02:00,20:02:00,20625,38
93562,,,20626,39
93562,20:06:00,20:06:00,20662,40
93562,,,20686,41
93562,20:11:00,20:11:00,20723,42
93563,20:21:00,20:21:00,20633,1
93563,,,20657,2
93563,,,20658,3
93563,,,20659,4
93563,,,20616,5
93563,20:29:00,20:29:00,20660,6
93563,,,20661,7
93563,20:34:00,20:34:00,20724,8
93563,,,20725,9
93563,20:38:00,20:38:00,20625,10
93563,,,20726,11
93563,,,20663,12
93563,,,20664,13
93563,,,20665,14
93563,,,20666,15
93563,20:48:00,20:48:00,20667,16
93563,,,20668,17
93563,,,20701,18
93563,,,20670,19
93563,20:52:00,20:52:00,20671,20
93563,,,20672,21
93563,,,20673,22
93563,,,20674,23
93563,20:59:00,20:59:00,20656,24
93563,21:09:00,21:09:00,20676,25
88045,06:55:00,06:55:00,20633,1
88045,,,20657,2
88045,,,20658,3
88045,,,20659,4
88045,,,20616,5
88045,07:03:00,07:03:00,20660,6
88045,,,20661,7
88045,07:08:00,07:08:00,20724,8
88045,,,20725,9
88045,07:12:00,07:12:00,20625,10
88045,,,20726,11
88045,,,20663,12
88045,,,20664,13
88045,,,20665,14
88045,,,20666,15
88045,07:22:00,07:22:00,20667,16
88045,,,20668,17
88045,,,20701,18
88045,,,20670,19
88045,07:26:00,07:26:00,20671,20
88045,,,20672,21
88045,,,20673,22
88045,,,20674,23
88045,07:33:00,07:33:00,20656,24
88045,07:43:00,07:43:00,20676,25
88045,,,20677,26
88045,07:52:00,07:52:00,20656,27
88045,,,20680,28
88045,,,20681,29
88045,,,20682,30
88045,07:57:00,07:57:00,20729,31
88045,,,23417,32
88045,08:01:00,08:01:00,20728,33
88045,,,20684,34
88045,,,20683,35
88045,,,20685,36
88045,,,20643,37
88045,08:11:00,08:11:00,20625,38
88045,,,20626,39
88045,08:15:00,08:15:00,20662,40
88045,,,20686,41
88045,08:20:00,08:20:00,20723,42
88046,08:36:00,08:36:00,20633,1
88046,,,20657,2
88046,,,20658,3
88046,,,20659,4
88046,,,20616,5
88046,08:44:00,08:44:00,20660,6
88046,,,20661,7
88046,08:49:00,08:49:00,20724,8
88046,,,20725,9
88046,08:53:00,08:53:00,20625,10
88046,,,20726,11
88046,,,20663,12
88046,,,20664,13
88046,,,20665,14
88046,,,20666,15
88046,09:03:00,09:03:00,20667,16
88046,,,20668,17
88046,,,20701,18
88046,,,20670,19
88046,09:07:00,09:07:00,20671,20
88046,,,20672,21
88046,,,20673,22
88046,,,20674,23
88046,09:14:00,09:14:00,20656,24
88046,09:24:00,09:24:00,20676,25
88046,,,20677,26
88046,09:30:00,09:30:00,20656,27
88046,,,20680,28
88046,,,20681,29
88046,,,20682,30
88046,09:38:00,09:38:00,20729,31
88046,,,23417,32
88046,09:42:00,09:42:00,20728,33
88046,,,20684,34
88046,,,20683,35
88046,,,20685,36
88046,,,20643,37
88046,09:52:00,09:52:00,20625,38
88046,,,20626,39
88046,09:56:00,09:56:00,20662,40
88046,,,20686,41
88046,10:01:00,10:01:00,20723,42
88047,10:18:00,10:18:00,20633,1
88047,,,20657,2
88047,,,20658,3
88047,,,20659,4
88047,,,20616,5
88047,10:26:00,10:26:00,20660,6
88047,,,20661,7
88047,10:31:00,10:31:00,20724,8
88047,,,20725,9
88047,10:35:00,10:35:00,20625,10
88047,,,20726,11
88047,,,20663,12
88047,,,20664,13
88047,,,20665,14
88047,,,20666,15
88047,10:45:00,10:45:00,20667,16
88047,,,20668,17
88047,,,20701,18
88047,,,20670,19
88047,10:49:00,10:49:00,20671,20
88047,,,20672,21
88047,,,20673,22
88047,,,20674,23
88047,10:56:00,10:56:00,20656,24
88047,11:06:00,11:06:00,20676,25
88047,,,20677,26
88047,11:15:00,11:15:00,20656,27
88047,,,20680,28
88047,,,20681,29
88047,,,20682,30
88047,11:20:00,11:20:00,20729,31
88047,,,23417,32
88047,11:24:00,11:24:00,20728,33
88047,,,20684,34
88047,,,20683,35
88047,,,20685,36
88047,,,20643,37
88047,11:34:00,11:34:00,20625,38
88047,,,20626,39
88047,11:38:00,11:38:00,20662,40
88047,,,20686,41
88047,11:43:00,11:43:00,20723,42
88048,12:00:00,12:00:00,20633,1
88048,,,20657,2
88048,,,20658,3
88048,,,20659,4
88048,,,20616,5
88048,12:08:00,12:08:00,20660,6
88048,,,20661,7
88048,12:13:00,12:13:00,20724,8
88048,,,20725,9
88048,12:17:00,12:17:00,20625,10
88048,,,20726,11
88048,,,20663,12
88048,,,20664,13
88048,,,20665,14
88048,,,20666,15
88048,12:27:00,12:27:00,20667,16
88048,,,20668,17
88048,,,20701,18
88048,,,20670,19
88048,12:31:00,12:31:00,20671,20
88048,,,20672,21
88048,,,20673,22
88048,,,20674,23
88048,12:38:00,12:38:00,20656,24
88048,12:48:00,12:48:00,20676,25
88048,,,20677,26
88048,12:57:00,12:57:00,20656,27
88048,,,20680,28
88048,,,20681,29
88048,,,20682,30
88048,13:02:00,13:02:00,20729,31
88048,,,23417,32
88048,13:06:00,13:06:00,20728,33
88048,,,20684,34
88048,,,20683,35
88048,,,20685,36
88048,,,20643,37
88048,13:16:00,13:16:00,20625,38
88048,,,20626,39
88048,13:20:00,13:20:00,20662,40
88048,,,20686,41
88048,13:25:00,13:25:00,20723,42
88049,13:40:00,13:40:00,20633,1
88049,13:48:00,13:48:00,20660,2
88049,13:53:00,13:53:00,20724,3
88049,13:57:00,13:57:00,20625,4
88147,14:02:00,14:02:00,20625,2
88147,,,20626,3
88147,14:06:00,14:06:00,20662,4
88147,,,20686,5
88147,14:11:00,14:11:00,20723,6
88150,14:28:00,14:28:00,20633,1
88150,,,20657,2
88150,,,20658,3
88150,,,20659,4
88150,,,20616,5
88150,14:36:00,14:36:00,20660,6
88150,,,20661,7
88150,14:41:00,14:41:00,20724,8
88150,,,20725,9
88150,14:45:00,14:45:00,20625,10
88150,,,20726,11
88150,,,20663,12
88150,,,20664,13
88150,,,20665,14
88150,,,20666,15
88150,14:55:00,14:55:00,20667,16
88150,,,20668,17
88150,,,20701,18
88150,,,20670,19
88150,14:59:00,14:59:00,20671,20
88150,,,20672,21
88150,,,20673,22
88150,,,20674,23
88150,15:06:00,15:06:00,20656,24
88150,15:16:00,15:16:00,20676,25
88150,,,20677,26
88150,15:25:00,15:25:00,20656,27
88150,,,20680,28
88150,,,20681,29
88150,,,20682,30
88150,15:30:00,15:30:00,20729,31
88150,15:34:00,15:34:00,23417,32
88150,,,20728,33
88150,,,20684,34
88150,,,20683,35
88150,,,20685,36
88150,,,20643,37
88150,15:44:00,15:44:00,20625,38
88150,,,20626,39
88150,15:48:00,15:48:00,20662,40
88150,,,20686,41
88150,15:53:00,15:53:00,20723,42
88151,16:10:00,16:10:00,20633,1
88151,,,20657,2
88151,,,20658,3
88151,,,20659,4
88151,,,20616,5
88151,16:18:00,16:18:00,20660,6
88151,,,20661,7
88151,16:23:00,16:23:00,20724,8
88151,,,20725,9
88151,16:27:00,16:27:00,20625,10
88151,,,20726,11
88151,,,20663,12
88151,,,20664,13
88151,,,20665,14
88151,,,20666,15
88151,16:37:00,16:37:00,20667,16
88151,,,20668,17
88151,,,20701,18
88151,,,20670,19
88151,16:41:00,16:41:00,20671,20
88151,,,20672,21
88151,,,20673,22
88151,,,20674,23
88151,16:48:00,16:48:00,20656,24
88151,16:58:00,16:58:00,20676,25
88151,,,20677,26
88151,17:07:00,17:07:00,20656,27
88151,,,20680,28
88151,,,20681,29
88151,,,20682,30
88151,17:12:00,17:12:00,20729,31
88151,17:16:00,17:16:00,23417,32
88151,,,20728,33
88151,,,20684,34
88151,,,20683,35
88151,,,20685,36
88151,,,20643,37
88151,17:26:00,17:26:00,20625,38
88151,,,20626,39
88151,17:30:00,17:30:00,20662,40
88151,,,20686,41
88151,17:35:00,17:35:00,20723,42
88152,17:52:00,17:52:00,20633,1
88152,,,20657,2
88152,,,20658,3
88152,,,20659,4
88152,,,20616,5
88152,18:00:00,18:00:00,20660,6
88152,,,20661,7
88152,18:05:00,18:05:00,20724,8
88152,,,20725,9
88152,18:09:00,18:09:00,20625,10
88152,,,20726,11
88152,,,20663,12
88152,,,20664,13
88152,,,20665,14
88152,,,20666,15
88152,18:19:00,18:19:00,20667,16
88152,,,20668,17
88152,,,20701,18
88152,,,20670,19
88152,18:23:00,18:23:00,20671,20
88152,,,20672,21
88152,,,20673,22
88152,,,20674,23
88152,18:30:00,18:30:00,20656,24
88152,18:40:00,18:40:00,20676,25
88152,,,20677,26
88152,18:49:00,18:49:00,20656,27
88152,,,20680,28
88152,,,20681,29
88152,,,20682,30
88152,18:54:00,18:54:00,20729,31
88152,18:58:00,18:58:00,23417,32
88152,,,20728,33
88152,,,20684,34
88152,,,20683,35
88152,,,20685,36
88152,,,20643,37
88152,19:08:00,19:08:00,20625,38
88152,,,20626,39
88152,19:12:00,19:12:00,20662,40
88152,,,20686,41
88152,19:17:00,19:17:00,20723,42
88153,19:34:00,19:34:00,20633,1
88153,,,20657,2
88153,,,20658,3
88153,,,20659,4
88153,,,20616,5
88153,19:42:00,19:42:00,20660,6
88153,,,20661,7
88153,19:47:00,19:47:00,20724,8
88153,,,20725,9
88153,19:51:00,19:51:00,20625,10
88153,,,20726,11
88153,,,20663,12
88153,,,20664,13
88153,,,20665,14
88153,,,20666,15
88153,20:01:00,20:01:00,20667,16
88153,,,20668,17
88153,,,20701,18
88153,,,20670,19
88153,20:05:00,20:05:00,20671,20
88153,,,20672,21
88153,,,20673,22
88153,,,20674,23
88153,20:12:00,20:12:00,20656,24
88153,20:22:00,20:22:00,20676,25
88153,,,20677,26
88153,20:31:00,20:31:00,20656,27
88153,,,20680,28
88153,,,20681,29
88153,,,20682,30
88153,20:36:00,20:36:00,20729,31
88153,20:40:00,20:40:00,23417,32
88153,,,20728,33
88153,,,20684,34
88153,,,20683,35
88153,,,20685,36
88153,,,20643,37
88153,20:50:00,20:50:00,20625,38
88153,,,20626,39
88153,20:54:00,20:54:00,20662,40
88148,13:57:00,13:57:00,20625,1
88148,,,20726,2
88148,,,20663,3
88148,,,20664,4
88148,,,20665,5
88148,,,20666,6
88148,14:07:00,14:07:00,20667,7
88148,,,20668,8
88148,,,20701,9
88148,,,20670,10
88148,14:11:00,14:11:00,20671,11
88148,,,20672,12
88148,,,20673,13
88148,,,20674,14
88148,14:18:00,14:18:00,20656,15
88148,14:28:00,14:28:00,20676,16
88148,,,20677,17
88148,14:37:00,14:37:00,20656,18
88148,,,20680,19
88148,,,20681,20
88148,,,20682,21
88148,14:42:00,14:42:00,20729,22
88148,,,23417,23
88148,14:46:00,14:46:00,20728,24
88148,,,20684,25
88148,,,20683,26
88148,,,20685,27
88148,,,20643,28
88148,14:56:00,14:56:00,20625,29
88148,,,20626,30
88148,15:00:00,15:00:00,20662,31
88148,,,20686,32
88148,15:05:00,15:05:00,20723,33
88155,15:22:00,15:22:00,20633,1
88155,,,20657,2
88155,,,20658,3
88155,,,20659,4
88155,,,20616,5
88155,15:30:00,15:30:00,20660,6
88155,,,20661,7
88155,15:35:00,15:35:00,20724,8
88155,,,20725,9
88155,15:39:00,15:39:00,20625,10
88155,,,20726,11
88155,,,20663,12
88155,,,20664,13
88155,,,20665,14
88155,,,20666,15
88155,15:49:00,15:49:00,20667,16
88155,,,20668,17
88155,,,20701,18
88155,,,20670,19
88155,15:53:00,15:53:00,20671,20
88155,,,20672,21
88155,,,20673,22
88155,,,20674,23
88155,16:00:00,16:00:00,20656,24
88155,16:10:00,16:10:00,20676,25
88155,,,20677,26
88155,16:19:00,16:19:00,20656,27
88155,,,20680,28
88155,,,20681,29
88155,,,20682,30
88155,16:24:00,16:24:00,20729,31
88155,,,23417,32
88155,16:28:00,16:28:00,20728,33
88155,,,20684,34
88155,,,20683,35
88155,,,20685,36
88155,,,20643,37
88155,16:38:00,16:38:00,20625,38
88155,,,20626,39
88155,16:42:00,16:42:00,20662,40
88155,,,20686,41
88155,16:47:00,16:47:00,20723,42
88156,17:04:00,17:04:00,20633,1
88156,,,20657,2
88156,,,20658,3
88156,,,20659,4
88156,,,20616,5
88156,17:12:00,17:12:00,20660,6
88156,,,20661,7
88156,17:17:00,17:17:00,20724,8
88156,,,20725,9
88156,17:21:00,17:21:00,20625,10
88156,,,20726,11
88156,,,20663,12
88156,,,20664,13
88156,,,20665,14
88156,,,20666,15
88156,17:31:00,17:31:00,20667,16
88156,,,20668,17
88156,,,20701,18
88156,,,20670,19
88156,17:36:00,17:36:00,20671,20
88156,,,20672,21
88156,,,20673,22
88156,,,20674,23
88156,17:42:00,17:42:00,20656,24
88156,17:52:00,17:52:00,20676,25
88156,,,20677,26
88156,18:01:00,18:01:00,20656,27
88156,,,20680,28
88156,,,20681,29
88156,,,20682,30
88156,18:06:00,18:06:00,20729,31
88156,,,23417,32
88156,18:10:00,18:10:00,20728,33
88156,,,20684,34
88156,,,20683,35
88156,,,20685,36
88156,,,20643,37
88156,18:20:00,18:20:00,20625,38
88156,,,20626,39
88156,18:24:00,18:24:00,20662,40
88156,,,20686,41
88156,18:29:00,18:29:00,20723,42
88157,18:43:00,18:43:00,20633,1
88157,,,20657,2
88157,,,20658,3
88157,,,20659,4
88157,,,20616,5
88157,18:51:00,18:51:00,20660,6
88157,,,20661,7
88157,18:55:00,18:55:00,20724,8
88157,,,20725,9
88157,18:59:00,18:59:00,20625,10
88157,,,20726,11
88157,,,20663,12
88157,,,20664,13
88157,,,20665,14
88157,,,20666,15
88157,19:09:00,19:09:00,20667,16
88157,,,20668,17
88157,,,20701,18
88157,,,20670,19
88157,19:13:00,19:13:00,20671,20
88157,,,20672,21
88157,,,20673,22
88157,,,20674,23
88157,19:20:00,19:20:00,20656,24
88157,19:30:00,19:30:00,20676,25
88157,,,20677,26
88157,19:39:00,19:39:00,20656,27
88157,,,20680,28
88157,,,20681,29
88157,,,20682,30
88157,19:44:00,19:44:00,20729,31
88157,,,23417,32
88157,19:48:00,19:48:00,20728,33
88157,,,20684,34
88157,,,20683,35
88157,,,20685,36
88157,,,20643,37
88157,19:58:00,19:58:00,20625,38
88157,,,20626,39
88157,20:02:00,20:02:00,20662,40
88157,,,20686,41
88157,20:07:00,20:07:00,20723,42
88158,20:17:00,20:17:00,20633,1
88158,,,20657,2
88158,,,20658,3
88158,,,20659,4
88158,,,20616,5
88158,20:25:00,20:25:00,20660,6
88158,,,20661,7
88158,20:30:00,20:30:00,20724,8
88158,,,20725,9
88158,20:34:00,20:34:00,20625,10
88158,,,20726,11
88158,,,20663,12
88158,,,20664,13
88158,,,20665,14
88158,,,20666,15
88158,20:44:00,20:44:00,20667,16
88158,,,20668,17
88158,,,20701,18
88158,,,20670,19
88158,20:48:00,20:48:00,20671,20
88158,,,20672,21
88158,,,20673,22
88158,,,20674,23
88158,20:55:00,20:55:00,20656,24
88158,21:05:00,21:05:00,20676,25
93576,07:40:00,07:40:00,20633,1
93576,,,20657,2
93576,,,20658,3
93576,,,20659,4
93576,,,20616,5
93576,07:48:00,07:48:00,20660,6
93576,,,20661,7
93576,07:53:00,07:53:00,20724,8
93576,,,20725,9
93576,07:57:00,07:57:00,20625,10
93576,,,20726,11
93576,,,20663,12
93576,,,20664,13
93576,,,20665,14
93576,,,20666,15
93576,08:07:00,08:07:00,20667,16
93576,,,20668,17
93576,,,20701,18
93576,,,20670,19
93576,08:11:00,08:11:00,20671,20
93576,,,20672,21
93576,,,20673,22
93576,,,20674,23
93576,08:18:00,08:18:00,20656,24
93576,08:28:00,08:28:00,20676,25
93576,,,20677,26
93576,08:37:00,08:37:00,20656,27
93576,,,20680,28
93576,,,20681,29
93576,,,20682,30
93576,08:42:00,08:42:00,20729,31
93576,,,23417,32
93576,08:46:00,08:46:00,20728,33
93576,,,20684,34
93576,,,20683,35
93576,,,20685,36
93576,,,20643,37
93576,08:56:00,08:56:00,20625,38
93576,,,20626,39
93576,09:00:00,09:00:00,20662,40
93576,,,20686,41
93576,09:05:00,09:05:00,20723,42
93577,09:22:00,09:22:00,20633,1
93577,,,20657,2
93577,,,20658,3
93577,,,20659,4
93577,,,20616,5
93577,09:30:00,09:30:00,20660,6
93577,,,20661,7
93577,09:35:00,09:35:00,20724,8
93577,,,20725,9
93577,09:39:00,09:39:00,20625,10
93577,,,20726,11
93577,,,20663,12
93577,,,20664,13
93577,,,20665,14
93577,,,20666,15
93577,09:49:00,09:49:00,20667,16
93577,,,20668,17
93577,,,20701,18
93577,,,20670,19
93577,09:53:00,09:53:00,20671,20
93577,,,20672,21
93577,,,20673,22
93577,,,20674,23
93577,10:00:00,10:00:00,20656,24
93577,10:10:00,10:10:00,20676,25
93577,,,20677,26
93577,10:19:00,10:19:00,20656,27
93577,,,20680,28
93577,,,20681,29
93577,,,20682,30
93577,10:24:00,10:24:00,20729,31
93577,,,23417,32
93577,10:28:00,10:28:00,20728,33
93577,,,20684,34
93577,,,20683,35
93577,,,20685,36
93577,,,20643,37
93577,10:38:00,10:38:00,20625,38
93577,,,20626,39
93577,10:42:00,10:42:00,20662,40
93577,,,20686,41
93577,10:47:00,10:47:00,20723,42
93578,11:04:00,11:04:00,20633,1
93578,,,20657,2
93578,,,20658,3
93578,,,20659,4
93578,,,20616,5
93578,11:12:00,11:12:00,20660,6
93578,,,20661,7
93578,11:17:00,11:17:00,20724,8
93578,,,20725,9
93578,11:21:00,11:21:00,20625,10
93578,,,20726,11
93578,,,20663,12
93578,,,20664,13
93578,,,20665,14
93578,,,20666,15
93578,11:31:00,11:31:00,20667,16
93578,,,20668,17
93578,,,20701,18
93578,,,20670,19
93578,11:36:00,11:36:00,20671,20
93578,,,20672,21
93578,,,20673,22
93578,,,20674,23
93578,11:42:00,11:42:00,20656,24
93578,11:52:00,11:52:00,20676,25
93578,,,20677,26
93578,12:01:00,12:01:00,20656,27
93578,,,20680,28
93578,,,20681,29
93578,,,20682,30
93578,12:06:00,12:06:00,20729,31
93578,,,23417,32
93578,12:10:00,12:10:00,20728,33
93578,,,20684,34
93578,,,20683,35
93578,,,20685,36
93578,,,20643,37
93578,12:20:00,12:20:00,20625,38
93578,,,20626,39
93578,12:24:00,12:24:00,20662,40
93578,,,20686,41
93578,12:29:00,12:29:00,20723,42
93579,12:46:00,12:46:00,20633,1
93579,,,20657,2
93579,,,20658,3
93579,,,20659,4
93579,,,20616,5
93579,12:54:00,12:54:00,20660,6
93579,,,20661,7
93579,12:59:00,12:59:00,20724,8
93579,,,20725,9
93579,13:03:00,13:03:00,20625,10
93579,,,20726,11
93579,,,20663,12
93579,,,20664,13
93579,,,20665,14
93579,,,20666,15
93579,13:13:00,13:13:00,20667,16
93579,,,20668,17
93579,,,20701,18
93579,,,20670,19
93579,13:17:00,13:17:00,20671,20
93579,,,20672,21
93579,,,20673,22
93579,,,20674,23
93579,13:24:00,13:24:00,20656,24
93579,13:34:00,13:34:00,20676,25
93579,,,20677,26
93579,13:43:00,13:43:00,20656,27
93579,,,20680,28
93579,,,20681,29
93579,,,20682,30
93579,13:48:00,13:48:00,20729,31
93579,,,23417,32
93579,13:52:00,13:52:00,20728,33
93579,,,20684,34
93579,,,20683,35
93579,,,20685,36
93579,,,20643,37
93579,14:02:00,14:02:00,20625,38
93579,,,20626,39
93579,14:06:00,14:06:00,20662,40
93579,,,20686,41
93579,14:11:00,14:11:00,20723,42
93580,14:28:00,14:28:00,20633,1
93580,,,20657,2
93580,,,20658,3
93580,,,20659,4
93580,,,20616,5
93580,14:36:00,14:36:00,20660,6
93580,,,20661,7
93580,14:41:00,14:41:00,20724,8
93580,,,20725,9
93580,14:45:00,14:45:00,20625,10
93580,,,20726,11
93580,,,20663,12
93580,,,20664,13
93580,,,20665,14
93580,,,20666,15
93580,14:55:00,14:55:00,20667,16
93580,,,20668,17
93580,,,20701,18
93580,,,20670,19
93580,14:59:00,14:59:00,20671,20
93580,,,20672,21
93580,,,20673,22
93580,,,20674,23
93580,15:06:00,15:06:00,20656,24
93580,15:16:00,15:16:00,20676,25
93580,,,20677,26
93580,15:25:00,15:25:00,20656,27
93580,,,20680,28
93580,,,20681,29
93580,,,20682,30
93580,15:30:00,15:30:00,20729,31
93580,,,23417,32
93580,15:34:00,15:34:00,20728,33
93580,,,20684,34
93580,,,20683,35
93580,,,20685,36
93580,,,20643,37
93580,15:44:00,15:44:00,20625,38
93580,,,20626,39
93580,15:48:00,15:48:00,20662,40
93580,,,20686,41
93580,15:53:00,15:53:00,20723,42
93581,16:10:00,16:10:00,20633,1
93581,,,20657,2
93581,,,20658,3
93581,,,20659,4
93581,,,20616,5
93581,16:18:00,16:18:00,20660,6
93581,,,20661,7
93581,16:23:00,16:23:00,20724,8
93581,,,20725,9
93581,16:27:00,16:27:00,20625,10
93581,,,20726,11
93581,,,20663,12
93581,,,20664,13
93581,,,20665,14
93581,,,20666,15
93581,16:37:00,16:37:00,20667,16
93581,,,20668,17
93581,,,20701,18
93581,,,20670,19
93581,16:41:00,16:41:00,20671,20
93581,,,20672,21
93581,,,20673,22
93581,,,20674,23
93581,16:48:00,16:48:00,20656,24
93581,16:58:00,16:58:00,20676,25
93581,,,20677,26
93581,17:07:00,17:07:00,20656,27
93581,,,20680,28
93581,,,20681,29
93581,,,20682,30
93581,17:12:00,17:12:00,20729,31
93581,,,23417,32
93581,17:16:00,17:16:00,20728,33
93581,,,20684,34
93581,,,20683,35
93581,,,20685,36
93581,,,20643,37
93581,17:26:00,17:26:00,20625,38
93581,,,20626,39
93581,17:30:00,17:30:00,20662,40
93581,,,20686,41
93581,17:35:00,17:35:00,20723,42
93582,17:52:00,17:52:00,20633,1
93582,,,20657,2
93582,,,20658,3
93582,,,20659,4
93582,,,20616,5
93582,18:00:00,18:00:00,20660,6
93582,,,20661,7
93582,18:05:00,18:05:00,20724,8
93582,,,20725,9
93582,18:09:00,18:09:00,20625,10
93582,,,20726,11
93582,,,20663,12
93582,,,20664,13
93582,,,20665,14
93582,,,20666,15
93582,18:19:00,18:19:00,20667,16
93582,,,20668,17
93582,,,20701,18
93582,,,20670,19
93582,18:23:00,18:23:00,20671,20
93582,,,20672,21
93582,,,20673,22
93582,,,20674,23
93582,18:30:00,18:30:00,20656,24
93582,18:40:00,18:40:00,20676,25
93582,,,20677,26
93582,18:49:00,18:49:00,20656,27
93582,,,20680,28
93582,,,20681,29
93582,,,20682,30
93582,18:54:00,18:54:00,20729,31
93582,,,23417,32
93582,18:58:00,18:58:00,20728,33
93582,,,20684,34
93582,,,20683,35
93582,,,20685,36
93582,,,20643,37
93582,19:08:00,19:08:00,20625,38
93582,,,20626,39
93582,19:12:00,19:12:00,20662,40
93582,,,20686,41
93582,19:17:00,19:17:00,20723,42
93583,19:30:00,19:30:00,20633,1
93583,,,20657,2
93583,,,20658,3
93583,,,20659,4
93583,,,20616,5
93583,19:38:00,19:38:00,20660,6
93583,,,20661,7
93583,19:43:00,19:43:00,20724,8
93583,,,20725,9
93583,19:47:00,19:47:00,20625,10
93583,,,20726,11
93583,,,20663,12
93583,,,20664,13
93583,,,20665,14
93583,,,20666,15
93583,19:57:00,19:57:00,20667,16
93583,,,20668,17
93583,,,20701,18
93583,,,20670,19
93583,20:05:00,20:05:00,20671,20
93583,,,20672,21
93583,,,20673,22
93583,,,20674,23
93583,20:10:00,20:10:00,20656,24
93583,20:18:00,20:18:00,20676,25
93583,,,20677,26
93583,20:29:00,20:29:00,20656,27
93583,,,20680,28
93583,,,20681,29
93583,,,20682,30
93583,20:40:00,20:40:00,20729,31
93583,,,23417,32
93583,20:48:00,20:48:00,20728,33
93583,,,20684,34
93583,,,20683,35
93583,,,20685,36
93583,,,20643,37
93583,20:58:00,20:58:00,20625,38
93583,,,20626,39
93583,21:02:00,21:02:00,20662,40
93583,,,20686,41
93583,21:07:00,21:07:00,20723,42